Business Name,Phone,City,Niche,Has Website,Website Link,Google Maps Link,SERP Ranked,SERP Source
Chaithanya constructions and Real estate business,8147387077,Hubli,Real Estate,N,,,N,
RD Properties hubli | Bungalow | plots | flats | apartments | land | independent house,8884299444,Hubli,Real Estate,Y,http://www.rdpropertieshubli.in/,,Y,GBP
Suvidha Realtors & Contructions Pvt Ltd (SRCPL),8884436600,Hubli,Real Estate,Y,http://www.suvidhaindraprastha.co.in/,,N,
Real Estate Hubli,9916962399,Hubli,Real Estate,N,,,Y,GBP
Sri Renuka Real Estate,7899543104,Hubli,Real Estate,N,,,N,
Morven Properties,9868998689,Hubli,Real Estate,Y,http://www.morvenproperties.in/,,N,
Real Estate broker Basavaraj Gangavati,9008321117,Hubli,Real Estate,N,,,Y,GBP
ReachMaxx Properties,9900263823,Hubli,Real Estate,Y,https://reachmaxx.com/,,N,
Sai Krupa Real Estate,9986141327,Hubli,Real Estate,N,,,N,
Shankargouda Real Estate,8618439351,Hubli,Real Estate,N,,,N,
Sewakram Realty,8431895637,Hubli,Real Estate,N,,,N,
Hubballi Homes,9945024417,Hubli,Real Estate,Y,http://www.hubballihomes.com/,,N,
Hubballi Developers And Builders,MISSING,Hubli,Real Estate,Y,http://www.hubballidevelopersandbuilders.com/,,N,
Al - Hashmi Real Estates,9844055277,Hubli,Real Estate,N,,,N,
VRUDHI REAL ESTATE CONSULTANCY AND PROPERTY DOCUMENTATION SERVICES,6829669985,Hubli,Real Estate,Y,https://www.instagram.com/vrudhi.real.estate.solutions?igsh=MWxvazN0em9kcHdyeg==,,N,
Vijaylaxmi Realtors,7353442999,Hubli,Real Estate,Y,http://vijaylaxmirealtors.co.in/,,N,
Smart Home Consultancy Real Estate,8197774609,Hubli,Real Estate,N,,,N,
HUBBALLI REAL ESTATE,9945182646,Hubli,Real Estate,N,,,N,
Nikshep Developers,9663004921,Hubli,Real Estate,Y,http://nikshepdevelopers.com/,,N,
SKYTOWN Builders and Developers,8550048000,Hubli,Real Estate,Y,https://www.skytowngroup.com/,,N,
Newgen Homes,7349028911,Hubli,Real Estate,Y,http://www.newgenhomes.in/,,N,
Real Promoters & Developers,9980832363,Hubli,Real Estate,N,,,N,
Aslisampatti developers,8884591123,Hubli,Real Estate,Y,https://aslisampatti.com/,,N,
Arihant Developers & Promoters,7676124097,Hubli,Real Estate,N,,,N,
Panora Lands,9686052999,Hubli,Real Estate,Y,https://www.panoralands.in/,,N,
Neelgund Developers,8050238777,Hubli,Real Estate,Y,https://www.neelgund.com/,,N,
SEACON PROPERTIES LLP,7090396669,Hubli,Real Estate,Y,http://www.seaconproperties.com/,,N,
Access Developers & Builders,9945120819,Hubli,Real Estate,N,,,N,
ANS Properties,8364264067,Hubli,Real Estate,Y,http://ansproperties.co.in/,,N,
Shriya Properties,8362232483,Hubli,Real Estate,Y,https://www.shriyaproperties.com/,,N,
Suvidha Indraprastha,8362532148,Hubli,Real Estate,Y,https://suvidhaindraprastha.co.in/index.html,,N,
Marvel Properties Pvt Ltd,9513081100,Hubli,Real Estate,Y,http://marvelproperties.co.in/,,N,
AAKRUTI DEVELOPERS HUBLI,9481012308,Hubli,Real Estate,Y,https://aakrutidevelopers.in/,,N,
"Prathama Builders & Land Developers in Hubli, Dharwad",9886261880,Hubli,Real Estate,Y,https://prathamadevelopers.com/,,N,
Ark Builders & Developers,8364264881,Hubli,Real Estate,Y,https://www.ark-builders.in/,,N,
Vedapriya developers,MISSING,Hubli,Real Estate,Y,https://www.tofler.in/vedapriya-developers-private-limited/company/U70109KA2022PTC161657,,N,
EVERGREEN REAL ESTATE,9741196443,Hubli,Real Estate,N,,,N,
Sri Krishna Enterprises,8362235235,Hubli,Real Estate,N,,,N,
World Square Towers,9650560561,Hubli,Real Estate,Y,https://www.worldsquare.in/,,N,
Plots For Sale,MISSING,Hubli,Real Estate,Y,http://plotsforsaleinhubli.com/,,N,
Kittur Developers,9886601044,Hubli,Real Estate,Y,http://www.kitturdevelopers.com/,,N,
SURMA GROUP,6362111161,Hubli,Real Estate,Y,https://wa.link/citw3a,,N,
Benni Avenue,9886120555,Hubli,Real Estate,N,,,N,
Dhanya properties,9113554588,Hubli,Real Estate,N,,,N,
"Unique Enterprises(Online application services,Home and Vehicle Loan services,Passport agency)",9845077082,Hubli,Real Estate,Y,http://jsdi.al/8sKSs,,N,
99acres Sales Office Hubli,7821202000,Hubli,Real Estate,Y,http://99acres.com/,,N,
Ujwal Developers & Builders,9945337071,Hubli,Real Estate,Y,https://ujwaldevelopers.com/,,N,
HubliProperties.in,7411286754,Hubli,Real Estate,Y,https://www.hubliproperties.in/,,N,
Upreal811,7795778300,Hubli,Real Estate,Y,http://www.upreal811.in/,,N,
