Business Name,Phone,City,Niche,Has Website,Website Link,Google Maps Link,SERP Ranked,SERP Source
Mohan Skin Care Clinic Hubli,8040245807,Hubli,Skin Clinics,N,,https://www.google.com/maps/place/Mohan+Skin+Care+Clinic+Hubli/data=!4m7!3m6!1s0x3bb8d742bc437d8f:0xf7c198a9d631ecf4!8m2!3d15.3487053!4d75.1418442!16s%2Fg%2F11b6t5swmx!19sChIJj31DvELXuDsR9Owx1qmYwfc?authuser=0&hl=en&rclk=1,Y,GBP
Dr Arpitha's Skin Hair & Aesthetics,8283909944,Hubli,Skin Clinics,N,,https://www.google.com/maps/place/Dr+Arpitha%27s+Skin+Hair+%26+Aesthetics/data=!4m7!3m6!1s0x3bb8d746003769b9:0xe8a843fd49eeb918!8m2!3d15.356625!4d75.1296396!16s%2Fg%2F11j84xvpht!19sChIJuWk3AEbXuDsRGLnuSf1DqOg?authuser=0&hl=en&rclk=1,Y,GBP
Hubli Skin Clinic,9108517456,Hubli,Skin Clinics,N,,https://www.google.com/maps/place/Hubli+Skin+Clinic/data=!4m7!3m6!1s0x3bb8d743604ed9e1:0x6310bfb17e678026!8m2!3d15.3535913!4d75.1403707!16s%2Fg%2F11f0437f_8!19sChIJ4dlOYEPXuDsRJoBnfrG_EGM?authuser=0&hl=en&rclk=1,N,
JEEVANNAVAR SKIN CARE CLINIC,8317453945,Hubli,Skin Clinics,N,,https://www.google.com/maps/place/JEEVANNAVAR+SKIN+CARE+CLINIC/data=!4m7!3m6!1s0x3bb8d7ec1c844189:0xc9349518c20e271a!8m2!3d15.3567105!4d75.1374267!16s%2Fg%2F11g10gnxcq!19sChIJiUGEHOzXuDsRGicOwhiVNMk?authuser=0&hl=en&rclk=1,Y,GBP
"Twacha Skin Hair Laser Clinic by Dr. Suman Odugoudar's - Best dermatologist in Vidyanagar, Hubli.",9535474155,Hubli,Skin Clinics,N,,"https://www.google.com/maps/place/Twacha+Skin+Hair+Laser+Clinic+by+Dr.+Suman+Odugoudar%27s+-+Best+dermatologist+in+Vidyanagar,+Hubli./data=!4m7!3m6!1s0x3bb8d1ae8aba328b:0xc3892da3f1a709f9!8m2!3d15.3680473!4d75.1199774!16s%2Fg%2F11mqccrm17!19sChIJizK6iq7RuDsR-Qmn8aMticM?authuser=0&hl=en&rclk=1",N,
"Dr Mohan Shendre .MD DNB, Mohan Skin Care Clinic hubli",9964519764,Hubli,Skin Clinics,N,,"https://www.google.com/maps/place/Dr+Mohan+Shendre+.MD+DNB,+Mohan+Skin+Care+Clinic+hubli/data=!4m7!3m6!1s0x3bb8d742bdadefe7:0x97c0e2aeca34161e!8m2!3d15.348795!4d75.141833!16s%2Fg%2F11b6t2s867!19sChIJ5--tvULXuDsRHhY0yq7iwJc?authuser=0&hl=en&rclk=1",Y,GBP
Dr Shruti Teggimani's Skin hair & laser clinic,9482906088,Hubli,Skin Clinics,N,,https://www.google.com/maps/place/Dr+Shruti+Teggimani%27s+Skin+hair+%26+laser+clinic/data=!4m7!3m6!1s0x3bb8d742549ca77f:0x524d98d724b353f3!8m2!3d15.3600303!4d75.1481345!16s%2Fg%2F11c6zy117p!19sChIJf6ecVELXuDsR81OzJNeYTVI?authuser=0&hl=en&rclk=1,N,
"Kololgi's Skin, Hair, Laser and Aesthetic Clinic",8123021829,Hubli,Skin Clinics,N,,"https://www.google.com/maps/place/Kololgi%27s+Skin,+Hair,+Laser+and+Aesthetic+Clinic/data=!4m7!3m6!1s0x3bb8d71a06f7e905:0xfa736d35e1955517!8m2!3d15.3616902!4d75.1165397!16s%2Fg%2F11y16hf33x!19sChIJBen3BhrXuDsRF1WV4TVtc_o?authuser=0&hl=en&rclk=1",N,
Pawar Skin and Onco Care Clinic,8363564972,Hubli,Skin Clinics,N,,https://www.google.com/maps/place/Pawar+Skin+and+Onco+Care+Clinic/data=!4m7!3m6!1s0x3bb8d9ff52623b87:0x52139f7f16946d6f!8m2!3d15.3621452!4d75.1520534!16s%2Fg%2F11s98c_ppd!19sChIJhztiUv_ZuDsRb22UFn-fE1I?authuser=0&hl=en&rclk=1,N,
Kolors Hair & Skin Clinic - Hubli,MISSING,Hubli,Skin Clinics,N,,https://www.google.com/maps/place/Kolors+Hair+%26+Skin+Clinic+-+Hubli/data=!4m7!3m6!1s0x3bb8d925192016ed:0xbde27f4574782f35!8m2!3d15.3614314!4d75.1499667!16s%2Fg%2F11vq29mf5d!19sChIJ7RYgGSXZuDsRNS94dEV_4r0?authuser=0&hl=en&rclk=1,N,
"G Square Clinic Skin, Hair and Plastic Surgery",9110610004,Hubli,Skin Clinics,N,,"https://www.google.com/maps/place/G+Square+Clinic+Skin,+Hair+and+Plastic+Surgery/data=!4m7!3m6!1s0x3bb8d7171d17291d:0x309aa5599c80c58c!8m2!3d15.3565758!4d75.1250681!16s%2Fg%2F11k9mmtj2j!19sChIJHSkXHRfXuDsRjMWAnFmlmjA?authuser=0&hl=en&rclk=1",N,
Dr P V Bhagwat Skin Clinic,9986155070,Hubli,Skin Clinics,N,,https://www.google.com/maps/place/Dr+P+V+Bhagwat+Skin+Clinic/data=!4m7!3m6!1s0x3bb8d70031e41f89:0x5e9196a38455e75f!8m2!3d15.3501705!4d75.1445884!16s%2Fg%2F11y8zv2m12!19sChIJiR_kMQDXuDsRX-dVhKOWkV4?authuser=0&hl=en&rclk=1,N,
Kolors Healthcare Hubli,9884706666,Hubli,Skin Clinics,N,,https://www.google.com/maps/place/Kolors+Healthcare+Hubli/data=!4m7!3m6!1s0x3bb8d7573f000e77:0x3998bbdc39cfc7e7!8m2!3d15.3614782!4d75.1499539!16s%2Fg%2F11hcw3rr1r!19sChIJdw4AP1fXuDsR58fPOdy7mDk?authuser=0&hl=en&rclk=1,N,
Supreme Hair & Skin Care,MISSING,Hubli,Skin Clinics,N,,https://www.google.com/maps/place/Supreme+Hair+%26+Skin+Care/data=!4m7!3m6!1s0x3bb8d7a2030d08df:0xbbc290ff48b9874a!8m2!3d15.3565831!4d75.1297067!16s%2Fg%2F11qzck_t2m!19sChIJ3wgNA6LXuDsRSoe5SP-Qwrs?authuser=0&hl=en&rclk=1,N,
Skin Care Clinic Dr.Shwetha F,8904491429,Hubli,Skin Clinics,N,,https://www.google.com/maps/place/Skin+Care+Clinic+Dr.Shwetha+F/data=!4m7!3m6!1s0x3bb8d7f16f5fd5e5:0xb0ea524633a18518!8m2!3d15.3458917!4d75.1449501!16s%2Fg%2F11vlr83lj0!19sChIJ5dVfb_HXuDsRGIWhM0ZS6rA?authuser=0&hl=en&rclk=1,N,
"Skin Care Center. Dr.Ravi Rathod (Proff & HOD, KIMS)",8362353432,Hubli,Skin Clinics,N,,"https://www.google.com/maps/place/Skin+Care+Center.+Dr.Ravi+Rathod+%28Proff+%26+HOD,+KIMS%29/data=!4m7!3m6!1s0x3bb8cd70176844d5:0xf0c5fb89aeda3db7!8m2!3d15.3531442!4d75.139336!16s%2Fg%2F1tl9l0b_!19sChIJ1URoF3DNuDsRtz3aron7xfA?authuser=0&hl=en&rclk=1",N,
"Dr Savitha Raichur – Suraksha Skin Clinic | Dermatologist & Cosmetologist in Hosur, Hubli-Dharwad",8364261622,Hubli,Skin Clinics,N,,"https://www.google.com/maps/place/Dr+Savitha+Raichur+%E2%80%93+Suraksha+Skin+Clinic+%7C+Dermatologist+%26+Cosmetologist+in+Hosur,+Hubli-Dharwad/data=!4m7!3m6!1s0x3bb8d73890c95555:0x1066214c6b84c893!8m2!3d15.3546731!4d75.1302956!16s%2Fg%2F11gfbdbbgl!19sChIJVVXJkDjXuDsRk8iEa0whZhA?authuser=0&hl=en&rclk=1",N,
Dr Patil's Derma Centre,9482237070,Hubli,Skin Clinics,N,,https://www.google.com/maps/place/Dr+Patil%27s+Derma+Centre/data=!4m7!3m6!1s0x3bb8d743d23be545:0x39694bbe57eaef8d!8m2!3d15.3507407!4d75.1376562!16s%2Fg%2F11byx89j6j!19sChIJReU70kPXuDsRje_qV75LaTk?authuser=0&hl=en&rclk=1,N,
Dr chandramohan K. Skin Care and Cure Clinic,8362352999,Hubli,Skin Clinics,N,,https://www.google.com/maps/place/Dr+chandramohan+K.+Skin+Care+and+Cure+Clinic/data=!4m7!3m6!1s0x3bb8cd70176844d5:0x7745c2ae6ddf35a4!8m2!3d15.3507995!4d75.1379134!16s%2Fg%2F1tjwg5js!19sChIJ1URoF3DNuDsRpDXfba7CRXc?authuser=0&hl=en&rclk=1,N,
Dr Pallavi Kanakpur's Vijaya Skin & Bone Clinic,9873430182,Hubli,Skin Clinics,N,,https://www.google.com/maps/place/Dr+Pallavi+Kanakpur%27s+Vijaya+Skin+%26+Bone+Clinic/data=!4m7!3m6!1s0x3bb8d73fb08e9fa9:0xb2088fbae47e4ac4!8m2!3d15.3551328!4d75.1324966!16s%2Fg%2F11vwkmxkkj!19sChIJqZ-OsD_XuDsRxEp-5LqPCLI?authuser=0&hl=en&rclk=1,N,
Dr Raghavendra Tophakhane Skin Clinic,8362351810,Hubli,Skin Clinics,N,,https://www.google.com/maps/place/Dr+Raghavendra+Tophakhane+Skin+Clinic/data=!4m7!3m6!1s0x3bb8d74bc8f082f7:0x9f6567be57e9e511!8m2!3d15.3656559!4d75.1348211!16s%2Fg%2F11fz9k23qj!19sChIJ94LwyEvXuDsREeXpV75nZZ8?authuser=0&hl=en&rclk=1,N,
MB Beauty Clinic | Skin Treatment | Bridal Makeup Artist | Salon | Academy,9900614456,Hubli,Skin Clinics,N,,https://www.google.com/maps/place/MB+Beauty+Clinic+%7C+Skin+Treatment+%7C+Bridal+Makeup+Artist+%7C+Salon+%7C+Academy/data=!4m7!3m6!1s0x3bb8d7568892b1bb:0xfa47ac47abf07584!8m2!3d15.3621511!4d75.152937!16s%2Fg%2F11fp9c71sp!19sChIJu7GSiFbXuDsRhHXwq0esR_o?authuser=0&hl=en&rclk=1,N,
Dr Palekar M S,9900116501,Hubli,Skin Clinics,N,,https://www.google.com/maps/place/Dr+Palekar+M+S/data=!4m7!3m6!1s0x3bb8cd70176844d5:0xbee2a0965d7dfd1!8m2!3d15.3664281!4d75.1564856!16s%2Fg%2F1tcwdf5_!19sChIJ1URoF3DNuDsR0d_XZQkq7gs?authuser=0&hl=en&rclk=1,N,
Dr.Grishmas skin and aesthetics centre,8861188611,Hubli,Skin Clinics,N,,https://www.google.com/maps/place/Dr.Grishmas+skin+and+aesthetics+centre/data=!4m7!3m6!1s0x3bb8d75234c4e9cf:0x301ae01400e5b044!8m2!3d15.3621685!4d75.1177098!16s%2Fg%2F11fhrh_tfx!19sChIJz-nENFLXuDsRRLDlABTgGjA?authuser=0&hl=en&rclk=1,N,
"Dr Savitha Raichur – Suraksha Skin Clinic | Dermatologist & Cosmetologist in Vidyanagar, Hubli-Dharwad",8364261622,Hubli,Skin Clinics,N,,"https://www.google.com/maps/place/Dr+Savitha+Raichur+%E2%80%93+Suraksha+Skin+Clinic+%7C+Dermatologist+%26+Cosmetologist+in+Vidyanagar,+Hubli-Dharwad/data=!4m7!3m6!1s0x3bb8d70861f3ee8d:0x91ef51481e93e124!8m2!3d15.3615496!4d75.1178396!16s%2Fg%2F11jly5cjgx!19sChIJje7zYQjXuDsRJOGTHkhR75E?authuser=0&hl=en&rclk=1",N,
VIBHA MULTI-SPECIALTY CLINIC,8362361088,Hubli,Skin Clinics,N,,https://www.google.com/maps/place/VIBHA+MULTI-SPECIALTY+CLINIC/data=!4m7!3m6!1s0x3bb8d750a91fb4cd:0x9dacbe4068a92eac!8m2!3d15.3601707!4d75.1481113!16s%2Fg%2F11hbgr7bq_!19sChIJzbQfqVDXuDsRrC6paEC-rJ0?authuser=0&hl=en&rclk=1,N,
Twachha Ayurveda Hair and Skin Care Clinic,9916371455,Hubli,Skin Clinics,N,,https://www.google.com/maps/place/Twachha+Ayurveda+Hair+and+Skin+Care+Clinic/data=!4m7!3m6!1s0x3bb8d798bf066b25:0x4e4a9ad1327b7b37!8m2!3d15.3574542!4d75.1176618!16s%2Fg%2F11kq207d1n!19sChIJJWsGv5jXuDsRN3t7MtGaSk4?authuser=0&hl=en&rclk=1,N,
"VCare Hair & Skin Clinic - Hubli | Skin Treatment, Hair Treatment, Hair Transplant, Laser Hair Removal, Skin Whitening",7395823232,Hubli,Skin Clinics,N,,"https://www.google.com/maps/place/VCare+Hair+%26+Skin+Clinic+-+Hubli+%7C+Skin+Treatment,+Hair+Treatment,+Hair+Transplant,+Laser+Hair+Removal,+Skin+Whitening/data=!4m7!3m6!1s0x3bb8d7c181f80f9f:0xa4ac0221ffd629e8!8m2!3d15.3591789!4d75.1273016!16s%2Fg%2F11l74by103!19sChIJnw_4gcHXuDsR6CnW_yECrKQ?authuser=0&hl=en&rclk=1",N,
Dr.Netra’s Laser Skin Clinic,9396926208,Hubli,Skin Clinics,N,,https://www.google.com/maps/place/Dr.Netra%E2%80%99s+Laser+Skin+Clinic/data=!4m7!3m6!1s0x3bb8d75f5f922fef:0xfabe978a777b6311!8m2!3d15.3613645!4d75.126292!16s%2Fg%2F11h7q560k3!19sChIJ7y-SX1_XuDsREWN7d4qXvvo?authuser=0&hl=en&rclk=1,N,
VLCC BEAUTY CLINIC ( Hubli ),7669530558,Hubli,Skin Clinics,N,,https://www.google.com/maps/place/VLCC+BEAUTY+CLINIC+%28+Hubli+%29/data=!4m7!3m6!1s0x3bb8cd70176844d5:0xe0e7e45c12760ea!8m2!3d15.3534829!4d75.140107!16s%2Fg%2F1vc_nt7x!19sChIJ1URoF3DNuDsR6mAnwUV-Dg4?authuser=0&hl=en&rclk=1,N,
"Dr.Rashmi's Skin, hair & laser clinic ,Hubli",MISSING,Hubli,Skin Clinics,N,,"https://www.google.com/maps/place/Dr.Rashmi%27s+Skin,+hair+%26+laser+clinic+,Hubli/data=!4m7!3m6!1s0x3bb8d19ca90331a3:0xbe0f3bc919f4aaf3!8m2!3d15.396974!4d75.0837843!16s%2Fg%2F11t6n7rc21!19sChIJozEDqZzRuDsR86r0Gck7D74?authuser=0&hl=en&rclk=1",N,
Skin Hair Cosmetology Clinic (Dr.Asha),MISSING,Hubli,Skin Clinics,N,,https://www.google.com/maps/place/Skin+Hair+Cosmetology+Clinic+%28Dr.Asha%29/data=!4m7!3m6!1s0x3bb8d7664e64f9ed:0xd5a3f33b56355cdf!8m2!3d15.3448456!4d75.1449553!16s%2Fg%2F11c0zsnm43!19sChIJ7flkTmbXuDsR31w1Vjvzo9U?authuser=0&hl=en&rclk=1,N,
"""SHRI LIPI SKIN CLINIC """,9148446856,Hubli,Skin Clinics,N,,https://www.google.com/maps/place/%22SHRI+LIPI+SKIN+CLINIC+%22/data=!4m7!3m6!1s0x3bb8d743d9855c45:0x91101410c2566ba4!8m2!3d15.354624!4d75.126895!16s%2Fg%2F11b_00xznx!19sChIJRVyF2UPXuDsRpGtWwhAUEJE?authuser=0&hl=en&rclk=1,N,
Hubli Plastic And Cosmetic Surgery(Hubli Plastic Surgery),9396926208,Hubli,Skin Clinics,N,,https://www.google.com/maps/place/Hubli+Plastic+And+Cosmetic+Surgery%28Hubli+Plastic+Surgery%29/data=!4m7!3m6!1s0x3bb8d729e0d6b91d:0xd77044fcc270623e!8m2!3d15.3562147!4d75.1458829!16s%2Fg%2F11ts0rn6d3!19sChIJHbnW4CnXuDsRPmJwwvxEcNc?authuser=0&hl=en&rclk=1,N,
Skin Clinic,8123296936,Hubli,Skin Clinics,N,,https://www.google.com/maps/place/Skin+Clinic/data=!4m7!3m6!1s0x3bb8d7683d2703b5:0xdd75907a8aa93f73!8m2!3d15.3470461!4d75.1412319!16s%2Fg%2F11cpg6tl_2!19sChIJtQMnPWjXuDsRcz-pinqQdd0?authuser=0&hl=en&rclk=1,N,
Dr. Hegde's Skin and hair clinic,9396926208,Hubli,Skin Clinics,N,,https://www.google.com/maps/place/Dr.+Hegde%27s+Skin+and+hair+clinic/data=!4m7!3m6!1s0x3bb8d13afe230719:0xe952ae9f5ff34ad1!8m2!3d15.3747104!4d75.1178954!16s%2Fg%2F11xp3cjl7w!19sChIJGQcj_jrRuDsR0UrzX5-uUuk?authuser=0&hl=en&rclk=1,N,
Derma Follic Hubballi - Skin & Hair Cosmetics Care Centre,8884391444,Hubli,Skin Clinics,N,,https://www.google.com/maps/place/Derma+Follic+Hubballi+-+Skin+%26+Hair+Cosmetics+Care+Centre/data=!4m7!3m6!1s0x3bb8d724e44e4905:0x44811fde9d6201bb!8m2!3d15.3649319!4d75.1244564!16s%2Fg%2F11hzsv5vjb!19sChIJBUlO5CTXuDsRuwFind4fgUQ?authuser=0&hl=en&rclk=1,N,
Relook hair&skin care hubli,MISSING,Hubli,Skin Clinics,N,,https://www.google.com/maps/place/Relook+hair%26skin+care+hubli/data=!4m7!3m6!1s0x3bb8d753b54de8b5:0xe4639a970975efeb!8m2!3d15.3520086!4d75.1386053!16s%2Fg%2F11vpqv7zdn!19sChIJtehNtVPXuDsR6-91CZeaY-Q?authuser=0&hl=en&rclk=1,N,
"Dr. Mohan S Shendre, 10+ yrs of Exp | Best Dermatologist in Hubli | Skin & Hair Specialist",8047349095,Hubli,Skin Clinics,N,,"https://www.google.com/maps/place/Dr.+Mohan+S+Shendre,+10%2B+yrs+of+Exp+%7C+Best+Dermatologist+in+Hubli+%7C+Skin+%26+Hair+Specialist/data=!4m7!3m6!1s0x3bb8d9c986b8a523:0x94f1b5162a877e69!8m2!3d15.3251646!4d75.1761821!16s%2Fg%2F11sjds9kqs!19sChIJI6W4hsnZuDsRaX6HKha18ZQ?authuser=0&hl=en&rclk=1",N,
Dr Asha Kulasaekaran,8362264403,Hubli,Skin Clinics,N,,https://www.google.com/maps/place/Dr+Asha+Kulasaekaran/data=!4m7!3m6!1s0x3bb8cd70176844d5:0x30148ead3c420700!8m2!3d15.3448661!4d75.1450384!16s%2Fg%2F1tdkw3lc!19sChIJ1URoF3DNuDsRAAdCPK2OFDA?authuser=0&hl=en&rclk=1,N,
Advance Skin And Hair Clinic,7019649077,Hubli,Skin Clinics,N,,https://www.google.com/maps/place/Advance+Skin+And+Hair+Clinic/data=!4m7!3m6!1s0x3bb8f96ed1d49cdd:0x21fb4f1622e34315!8m2!3d15.3517692!4d75.0995755!16s%2Fg%2F11q3yc74c6!19sChIJ3ZzU0W75uDsRFUPjIhZP-yE?authuser=0&hl=en&rclk=1,N,
Dr.Jeevannavar's Clinic,8317453945,Hubli,Skin Clinics,N,,https://www.google.com/maps/place/Dr.Jeevannavar%27s+Clinic/data=!4m7!3m6!1s0x3bb8d6d91b18b375:0x7e266d4063ac79fb!8m2!3d15.353192!4d75.1042982!16s%2Fg%2F12m9gct2w!19sChIJdbMYG9nWuDsR-3msY0BtJn4?authuser=0&hl=en&rclk=1,N,
Hair and Skin Factory,8861672815,Hubli,Skin Clinics,N,,https://www.google.com/maps/place/Hair+and+Skin+Factory/data=!4m7!3m6!1s0x3bb8d7e7974848d3:0xbf7a6fa26049f2cf!8m2!3d15.3639124!4d75.1229217!16s%2Fg%2F11h_7937t7!19sChIJ00hIl-fXuDsRz_JJYKJver8?authuser=0&hl=en&rclk=1,N,
Suraksha Clinic,7411711409,Hubli,Skin Clinics,N,,https://www.google.com/maps/place/Suraksha+Clinic/data=!4m7!3m6!1s0x3bb8d732bfdc603d:0x96c1666e5d9a45b9!8m2!3d15.3615247!4d75.11784!16s%2Fg%2F11hf7672x3!19sChIJPWDcvzLXuDsRuUWaXW5mwZY?authuser=0&hl=en&rclk=1,N,
Dr. Kishor's Plastic Surgery Clinic,9867167097,Hubli,Skin Clinics,N,,https://www.google.com/maps/place/Dr.+Kishor%27s+Plastic+Surgery+Clinic/data=!4m7!3m6!1s0x3bb8d754a47d3465:0x967b9f0111265595!8m2!3d15.353598!4d75.1277551!16s%2Fg%2F11sd9bgkcb!19sChIJZTR9pFTXuDsRlVUmEQGfe5Y?authuser=0&hl=en&rclk=1,N,
"Dhruv skin, Hair and Laser Clinic",9731884338,Hubli,Skin Clinics,N,,"https://www.google.com/maps/place/Dhruv+skin,+Hair+and+Laser+Clinic/data=!4m7!3m6!1s0x3bb8d744740cc8b7:0x28807a4891c264ee!8m2!3d15.3485741!4d75.1101404!16s%2Fg%2F11cm0fjghl!19sChIJt8gMdETXuDsR7mTCkUh6gCg?authuser=0&hl=en&rclk=1",N,
Sukhada Vascular Institute Dr. Chetan Hoskatti - Varicose Veins | Diabetic Foot | Gangrene Specialist,8362353262,Hubli,Skin Clinics,N,,https://www.google.com/maps/place/Sukhada+Vascular+Institute+Dr.+Chetan+Hoskatti+-+Varicose+Veins+%7C+Diabetic+Foot+%7C+Gangrene+Specialist/data=!4m7!3m6!1s0x3bb8d77422ed592f:0xbec9ebc78f51bc4d!8m2!3d15.359034!4d75.1239089!16s%2Fg%2F11gf9d1x2d!19sChIJL1ntInTXuDsRTbxRj8fryb4?authuser=0&hl=en&rclk=1,N,
Mister Hair Clinic - Hubli,7338671338,Hubli,Skin Clinics,N,,https://www.google.com/maps/place/Mister+Hair+Clinic+-+Hubli/data=!4m7!3m6!1s0x3bb8d14c918f52a7:0x1ea93790be36f60d!8m2!3d15.3644375!4d75.1246875!16s%2Fg%2F11msr5rnch!19sChIJp1KPkUzRuDsRDfY2vpA3qR4?authuser=0&hl=en&rclk=1,N,
Atreya Ayurveda Clinic and Panchakarma centre,9481570642,Hubli,Skin Clinics,N,,https://www.google.com/maps/place/Atreya+Ayurveda+Clinic+and+Panchakarma+centre/data=!4m7!3m6!1s0x3bb8d75b8ffd1785:0x3f5caf48d619daf7!8m2!3d15.3630332!4d75.1488785!16s%2Fg%2F11c3q3b91f!19sChIJhRf9j1vXuDsR99oZ1kivXD8?authuser=0&hl=en&rclk=1,N,
Doll House by Fatima,8971188613,Hubli,Skin Clinics,N,,https://www.google.com/maps/place/Doll+House+by+Fatima/data=!4m7!3m6!1s0x3bb8d96cfe3ee11f:0xc6c0c30dbcef8e2c!8m2!3d15.3678523!4d75.1589073!16s%2Fg%2F11rn0r0lcg!19sChIJH-E-_mzZuDsRLI7vvA3DwMY?authuser=0&hl=en&rclk=1,N,
Betacon Hospital Care Towards Diabetes,8362281228,Hubli,Skin Clinics,N,,https://www.google.com/maps/place/Betacon+Hospital+Care+Towards+Diabetes/data=!4m7!3m6!1s0x3bb8d733e9c417d9:0x4841ae8520844c7b!8m2!3d15.3652327!4d75.1499379!16s%2Fg%2F1hm37b0ls!19sChIJ2RfE6TPXuDsRe0yEIIWuQUg?authuser=0&hl=en&rclk=1,N,
HCG Suchirayu Hospital - Hubli,8362239000,Hubli,Skin Clinics,N,,https://www.google.com/maps/place/HCG+Suchirayu+Hospital+-+Hubli/data=!4m7!3m6!1s0x3bb8d73bf6a02d87:0x6f87c8f3931ba1d8!8m2!3d15.3526056!4d75.1244712!16s%2Fg%2F1q6jbfwj_!19sChIJhy2g9jvXuDsR2KEbk_PIh28?authuser=0&hl=en&rclk=1,N,
Hubli Hijama Centre And Cupping Therapy,MISSING,Hubli,Skin Clinics,N,,https://www.google.com/maps/place/Hubli+Hijama+Centre+And+Cupping+Therapy/data=!4m7!3m6!1s0x3bb8d73594d66311:0x8e591b24ddf3ae52!8m2!3d15.346217!4d75.1456863!16s%2Fg%2F11gxmgm_vl!19sChIJEWPWlDXXuDsRUq7z3SQbWY4?authuser=0&hl=en&rclk=1,N,
Raghavendra Clinic,9449864820,Hubli,Skin Clinics,N,,https://www.google.com/maps/place/Raghavendra+Clinic/data=!4m7!3m6!1s0x3bb8d7533e720be5:0x75a20159d40a865f!8m2!3d15.3696946!4d75.1469618!16s%2Fg%2F11sjhg034v!19sChIJ5QtyPlPXuDsRX4YK1FkBonU?authuser=0&hl=en&rclk=1,N,
Regenerative Center,9243256399,Hubli,Skin Clinics,N,,https://www.google.com/maps/place/Regenerative+Center/data=!4m7!3m6!1s0x3bb8d768f4bd4eb3:0x3833977d0c4fbfd9!8m2!3d15.3460577!4d75.1442514!16s%2Fg%2F11bztf1_13!19sChIJs0699GjXuDsR2b9PDH2XMzg?authuser=0&hl=en&rclk=1,N,
Hair O Craft,9048484266,Hubli,Skin Clinics,N,,https://www.google.com/maps/place/Hair+O+Craft/data=!4m7!3m6!1s0x3bb8d7ef8c9384d9:0xad4de096da30bed7!8m2!3d15.3514891!4d75.1255254!16s%2Fg%2F11vlhdn_2y!19sChIJ2YSTjO_XuDsR174w2pbgTa0?authuser=0&hl=en&rclk=1,N,
Zain clinic,MISSING,Hubli,Skin Clinics,N,,https://www.google.com/maps/place/Zain+clinic/data=!4m7!3m6!1s0x3bb8d70504a65edd:0xc72517abec409064!8m2!3d15.3320135!4d75.1139639!16s%2Fg%2F11gcd_c4c4!19sChIJ3V6mBAXXuDsRZJBA7KsXJcc?authuser=0&hl=en&rclk=1,N,
JEEVAN JYOTI HOMEOCARE Homeopathy clinic,7895575645,Hubli,Skin Clinics,N,,https://www.google.com/maps/place/JEEVAN+JYOTI+HOMEOCARE+Homeopathy+clinic/data=!4m7!3m6!1s0x3bb8d71d9e16e7ab:0x55919215cea9b6e4!8m2!3d15.3657107!4d75.1578143!16s%2Fg%2F11vz1gdmtf!19sChIJq-cWnh3XuDsR5LapzhWSkVU?authuser=0&hl=en&rclk=1,N,
Sri Vishnu Clinic,8105427314,Hubli,Skin Clinics,N,,https://www.google.com/maps/place/Sri+Vishnu+Clinic/data=!4m7!3m6!1s0x3bb8d7b329baa4c9:0xeb170ec6ecbafedf!8m2!3d15.3619018!4d75.1488603!16s%2Fg%2F11wn_9r2q6!19sChIJyaS6KbPXuDsR3_667MYOF-s?authuser=0&hl=en&rclk=1,N,
Om Ayurveda Clinic & Panchakarma Centre,MISSING,Hubli,Skin Clinics,N,,https://www.google.com/maps/place/Om+Ayurveda+Clinic+%26+Panchakarma+Centre/data=!4m7!3m6!1s0x3bb8d91ac3efa4ed:0xa4c408f1fb1e5b68!8m2!3d15.3623926!4d75.1558322!16s%2Fg%2F11mm850_22!19sChIJ7aTvwxrZuDsRaFse-_EIxKQ?authuser=0&hl=en&rclk=1,N,
Topkhane Dr R S,MISSING,Hubli,Skin Clinics,N,,https://www.google.com/maps/place/Topkhane+Dr+R+S/data=!4m7!3m6!1s0x3bb8cd70176844d5:0x932ce246489ae607!8m2!3d15.3657366!4d75.1346823!16s%2Fg%2F1td3dgtp!19sChIJ1URoF3DNuDsRB-aaSEbiLJM?authuser=0&hl=en&rclk=1,N,
Rahul Clinic,9448591674,Hubli,Skin Clinics,N,,https://www.google.com/maps/place/Rahul+Clinic/data=!4m7!3m6!1s0x3bb8d767172e6723:0x3b82c7fae8be1d1e!8m2!3d15.3496451!4d75.1390564!16s%2Fg%2F11c0v60cgr!19sChIJI2cuF2fXuDsRHh2-6PrHgjs?authuser=0&hl=en&rclk=1,N,
"Dr Batra’s Homeopathy, Hair & Skin Clinic",7045000666,Hubli,Skin Clinics,N,,"https://www.google.com/maps/place/Dr+Batra%E2%80%99s+Homeopathy,+Hair+%26+Skin+Clinic/data=!4m7!3m6!1s0x3bb8d7384746a0a9:0x3eb757069016fefe!8m2!3d15.350347!4d75.1151417!16s%2Fg%2F11b7rtp9vh!19sChIJqaBGRzjXuDsR_v4WkAZXtz4?authuser=0&hl=en&rclk=1",N,
Sudhi's Hair Fixing,MISSING,Hubli,Skin Clinics,N,,https://www.google.com/maps/place/Sudhi%27s+Hair+Fixing/data=!4m7!3m6!1s0x3bb8d744c1d890f5:0x9ba2ee304d4f1951!8m2!3d15.3551798!4d75.1413392!16s%2Fg%2F11b_00ct97!19sChIJ9ZDYwUTXuDsRURlPTTDuops?authuser=0&hl=en&rclk=1,N,
Recon Plastic Surgery Center,9599854449,Hubli,Skin Clinics,N,,https://www.google.com/maps/place/Recon+Plastic+Surgery+Center/data=!4m7!3m6!1s0x3bb8d79c51c9621f:0x9b180b509b01d2ef!8m2!3d15.3621035!4d75.1175852!16s%2Fg%2F11jnvnp2rh!19sChIJH2LJUZzXuDsR79IBm1ALGJs?authuser=0&hl=en&rclk=1,N,
Hubli PRP Treatment Centre For Hair and Skin,9396926208,Hubli,Skin Clinics,N,,https://www.google.com/maps/place/Hubli+PRP+Treatment+Centre+For+Hair+and+Skin/data=!4m7!3m6!1s0x3bb8d7f0b3df41a7:0x7fdb6bd89ec057c3!8m2!3d15.346226!4d75.1458876!16s%2Fg%2F11l_8k8y3x!19sChIJp0Hfs_DXuDsRw1fAnthr238?authuser=0&hl=en&rclk=1,N,
Renuka Rajendra Dugani,9901774008,Hubli,Skin Clinics,N,,https://www.google.com/maps/place/Renuka+Rajendra+Dugani/data=!4m7!3m6!1s0x3bb8d7d75275ae95:0xb19e03548b37b292!8m2!3d15.3539705!4d75.1402737!16s%2Fg%2F11yf___tdm!19sChIJla51UtfXuDsRkrI3i1QDnrE?authuser=0&hl=en&rclk=1,N,
Sri Sainath Clinic and Ayurvedic skin care center,9449106977,Hubli,Skin Clinics,N,,https://www.google.com/maps/place/Sri+Sainath+Clinic+and+Ayurvedic+skin+care+center/data=!4m7!3m6!1s0x3bb8d78f375e4531:0xaa15267f2af6c517!8m2!3d15.331288!4d75.1319714!16s%2Fg%2F11tsgcbnr6!19sChIJMUVeN4_XuDsRF8X2Kn8mFao?authuser=0&hl=en&rclk=1,N,
Asian Homeocare | Homeopathy Clinic Hubli,9071082088,Hubli,Skin Clinics,N,,https://www.google.com/maps/place/Asian+Homeocare+%7C+Homeopathy+Clinic+Hubli/data=!4m7!3m6!1s0x3bb8d76936acb1cb:0xaf1ea5bdec48592!8m2!3d15.3627813!4d75.122052!16s%2Fg%2F11why6vh4b!19sChIJy7GsNmnXuDsRkoXE3lvq8Qo?authuser=0&hl=en&rclk=1,N,
Praanavaidya Ayurvedic Hospital - Hubballi,8065903145,Hubli,Skin Clinics,N,,https://www.google.com/maps/place/Praanavaidya+Ayurvedic+Hospital+-+Hubballi/data=!4m7!3m6!1s0x3bb8d77faa591fe5:0xc57fb18520838afe!8m2!3d15.3608276!4d75.112283!16s%2Fg%2F11xs3c1ndf!19sChIJ5R9Zqn_XuDsR_oqDIIWxf8U?authuser=0&hl=en&rclk=1,N,
PRAGATHI CLINIC,MISSING,Hubli,Skin Clinics,N,,https://www.google.com/maps/place/PRAGATHI+CLINIC/data=!4m7!3m6!1s0x3bb8d7524e437dc3:0x36b24c161cf7c0fe!8m2!3d15.3510938!4d75.1239912!16s%2Fg%2F11tk4ybyt0!19sChIJw31DTlLXuDsR_sD3HBZMsjY?authuser=0&hl=en&rclk=1,N,
"Newlife Clinic Navanagar, Hubli",9986067532,Hubli,Skin Clinics,N,,"https://www.google.com/maps/place/Newlife+Clinic+Navanagar,+Hubli/data=!4m7!3m6!1s0x3bb8d19ee947190f:0x3ad43d3d89787cf9!8m2!3d15.3968079!4d75.0836884!16s%2Fg%2F11t7p5t5z0!19sChIJDxlH6Z7RuDsR-Xx4iT091Do?authuser=0&hl=en&rclk=1",N,
Soukhya Clinic Dr. Somanath BM'S Ent & Allergy Clinic,9481306550,Hubli,Skin Clinics,N,,https://www.google.com/maps/place/Soukhya+Clinic+Dr.+Somanath+BM%27S+Ent+%26+Allergy+Clinic/data=!4m7!3m6!1s0x3bb8d740bfffffff:0x95d043269db2de74!8m2!3d15.3537504!4d75.1387129!16s%2Fg%2F11hf0989yb!19sChIJ____v0DXuDsRdN6ynSZD0JU?authuser=0&hl=en&rclk=1,N,
Shri Krushna Ayurveda Clinic,MISSING,Hubli,Skin Clinics,N,,https://www.google.com/maps/place/Shri+Krushna+Ayurveda+Clinic/data=!4m7!3m6!1s0x3bb8d1a0ed0f68e1:0xa684d29b89e1595a!8m2!3d15.3674186!4d75.1333424!16s%2Fg%2F11mw729k3v!19sChIJ4WgP7aDRuDsRWlnhiZvShKY?authuser=0&hl=en&rclk=1,N,
Saptagiri Clinic,9396926208,Hubli,Skin Clinics,N,,https://www.google.com/maps/place/Saptagiri+Clinic/data=!4m7!3m6!1s0x3bb8d708b2802c89:0x47e185af3c3f55c!8m2!3d15.3507403!4d75.1087682!16s%2Fg%2F11mkly3d_3!19sChIJiSyAsgjXuDsRXPXD81oYfgQ?authuser=0&hl=en&rclk=1,N,
Dr.Bashi Clinic,9945843686,Hubli,Skin Clinics,N,,https://www.google.com/maps/place/Dr.Bashi+Clinic/data=!4m7!3m6!1s0x3bb8d760b0ea570b:0x8e34974edb241a02!8m2!3d15.3474116!4d75.1493301!16s%2Fg%2F11g8wcb03t!19sChIJC1fqsGDXuDsRAhok206XNI4?authuser=0&hl=en&rclk=1,N,
Vivekanand General Hospital,8362251002,Hubli,Skin Clinics,N,,https://www.google.com/maps/place/Vivekanand+General+Hospital/data=!4m7!3m6!1s0x3bb8d744f2f09e63:0x1af09274bead1a06!8m2!3d15.3550867!4d75.1403581!16s%2Fg%2F1td70f_2!19sChIJY57w8kTXuDsRBhqtvnSS8Bo?authuser=0&hl=en&rclk=1,N,
HCG NMR Cancer Centre Hubli,9886211522,Hubli,Skin Clinics,N,,https://www.google.com/maps/place/HCG+NMR+Cancer+Centre+Hubli/data=!4m7!3m6!1s0x3bb8d7440fb4ba31:0x1f0f77c68cfe4fc0!8m2!3d15.3540542!4d75.1389776!16s%2Fg%2F11ddzcldnn!19sChIJMbq0D0TXuDsRwE_-jMZ3Dx8?authuser=0&hl=en&rclk=1,N,
RJR Herbal Hospital - Hubli,7639077711,Hubli,Skin Clinics,N,,https://www.google.com/maps/place/RJR+Herbal+Hospital+-+Hubli/data=!4m7!3m6!1s0x3bb8d7bf969e941f:0x2015c10e59784415!8m2!3d15.3505304!4d75.1151312!16s%2Fg%2F11ynxbmcxy!19sChIJH5Selr_XuDsRFUR4WQ7BFSA?authuser=0&hl=en&rclk=1,N,
Dr Channabasayya S Hiremath - Homeopathy Doctor Hubli-Dharwad,9071082088,Hubli,Skin Clinics,N,,https://www.google.com/maps/place/Dr+Channabasayya+S+Hiremath+-+Homeopathy+Doctor+Hubli-Dharwad/data=!4m7!3m6!1s0x3bb8d7d536fa1d99:0x6fa2351ec244e61f!8m2!3d15.3627967!4d75.1220455!16s%2Fg%2F11mcv9bbhr!19sChIJmR36NtXXuDsRH-ZEwh41om8?authuser=0&hl=en&rclk=1,N,
PRAKRUTI CLINIC,MISSING,Hubli,Skin Clinics,N,,https://www.google.com/maps/place/PRAKRUTI+CLINIC/data=!4m7!3m6!1s0x3bb8d72a15e4beb1:0x1bb471bb77a4a5f2!8m2!3d15.3639792!4d75.1092624!16s%2Fg%2F11tn5k3px7!19sChIJsb7kFSrXuDsR8qWkd7txtBs?authuser=0&hl=en&rclk=1,N,
Xtent Unisex Salon Spa,6364562344,Hubli,Skin Clinics,N,,https://www.google.com/maps/place/Xtent+Unisex+Salon+Spa/data=!4m7!3m6!1s0x3bb8d793063d11f3:0x4ef15b2bbc0acb!8m2!3d15.3485791!4d75.1101392!16s%2Fg%2F11fp8nd735!19sChIJ8xE9BpPXuDsRywq8K1vxTgA?authuser=0&hl=en&rclk=1,N,
Veda Hair Fixing - Top Hair Fixing In Hubbli,8123600687,Hubli,Skin Clinics,N,,https://www.google.com/maps/place/Veda+Hair+Fixing+-+Top+Hair+Fixing+In+Hubbli/data=!4m7!3m6!1s0x3bb8d7ef3777633b:0xc294876cd35ff639!8m2!3d15.3475547!4d75.1401664!16s%2Fg%2F11sdwjpcbv!19sChIJO2N3N-_XuDsROfZf02yHlMI?authuser=0&hl=en&rclk=1,N,
Shree Vishwa Vande Ayurveda Panchakarma & Infertility Clinic,7378795500,Hubli,Skin Clinics,N,,https://www.google.com/maps/place/Shree+Vishwa+Vande+Ayurveda+Panchakarma+%26+Infertility+Clinic/data=!4m7!3m6!1s0x3bb8d71b378c6c43:0xad5ac9484c0836ca!8m2!3d15.3536025!4d75.1386605!16s%2Fg%2F11fcrh00d4!19sChIJQ2yMNxvXuDsRyjYITEjJWq0?authuser=0&hl=en&rclk=1,Y,GBP
Balaji Hospitals,9886229701,Hubli,Skin Clinics,N,,https://www.google.com/maps/place/Balaji+Hospitals/data=!4m7!3m6!1s0x3bb8d738471c89a3:0xfe06f825896f3654!8m2!3d15.3566575!4d75.126056!16s%2Fg%2F12hpp3r27!19sChIJo4kcRzjXuDsRVDZviSX4Bv4?authuser=0&hl=en&rclk=1,N,
Dhanwantari twacha Ayurveda Hubli,9396926208,Hubli,Skin Clinics,N,,https://www.google.com/maps/place/Dhanwantari+twacha+Ayurveda+Hubli/data=!4m7!3m6!1s0x3bb8d1a817c511e7:0xaf0e5c2c03ee7dc2!8m2!3d15.3859195!4d75.1166176!16s%2Fg%2F11vbcdsqgt!19sChIJ5xHFF6jRuDsRwn3uAyxcDq8?authuser=0&hl=en&rclk=1,N,
Spandana Health Care,9480410410,Hubli,Skin Clinics,N,,https://www.google.com/maps/place/Spandana+Health+Care/data=!4m7!3m6!1s0x3bb8d6db92cacc25:0x9c994bfd7f9f76bb!8m2!3d15.3515685!4d75.1005364!16s%2Fg%2F11gdg54ymw!19sChIJJczKktvWuDsRu3aff_1LmZw?authuser=0&hl=en&rclk=1,N,
Homeocare International Hubli | Best Homeopathy Clinic In Hubli,8985714250,Hubli,Skin Clinics,N,,https://www.google.com/maps/place/Homeocare+International+Hubli+%7C+Best+Homeopathy+Clinic+In+Hubli/data=!4m7!3m6!1s0x3bb8d73455555555:0x14b975f615448f0a!8m2!3d15.3561822!4d75.129848!16s%2Fg%2F1tdr1rhh!19sChIJVVVVVTTXuDsRCo9EFfZ1uRQ?authuser=0&hl=en&rclk=1,N,
"Dr. Shirol, Sampige Plastic Surgery Centre Hubli, North Karnataka | 10000+ Patients Treated",7353756777,Hubli,Skin Clinics,N,,"https://www.google.com/maps/place/Dr.+Shirol,+Sampige+Plastic+Surgery+Centre+Hubli,+North+Karnataka+%7C+10000%2B+Patients+Treated/data=!4m7!3m6!1s0x3bb8d77e513c4301:0x27a3dcc60f9f059f!8m2!3d15.3507798!4d75.1116341!16s%2Fg%2F1232jdls5!19sChIJAUM8UX7XuDsRnwWfD8bcoyc?authuser=0&hl=en&rclk=1",N,
Mantris Health Solutions,9035658533,Hubli,Skin Clinics,N,,https://www.google.com/maps/place/Mantris+Health+Solutions/data=!4m7!3m6!1s0x3bb8d721b88a6233:0x7d4b33f485c0bf01!8m2!3d15.3469387!4d75.1119745!16s%2Fg%2F11fx9v1lkn!19sChIJM2KKuCHXuDsRAb_AhfQzS30?authuser=0&hl=en&rclk=1,N,
Chaitanya Clinic,8364252020,Hubli,Skin Clinics,N,,https://www.google.com/maps/place/Chaitanya+Clinic/data=!4m7!3m6!1s0x3bb8d72eeb7c2d39:0x72d3925529a539f9!8m2!3d15.3615368!4d75.1154234!16s%2Fg%2F11b_012jdr!19sChIJOS186y7XuDsR-TmlKVWS03I?authuser=0&hl=en&rclk=1,N,
Sanjeevini Homeopathy Hubballi,9886915333,Hubli,Skin Clinics,N,,https://www.google.com/maps/place/Sanjeevini+Homeopathy+Hubballi/data=!4m7!3m6!1s0x3bb8d7450aa27be7:0xc68b29ea784aaa8!8m2!3d15.3507477!4d75.13763!16s%2Fg%2F11nxv5bmd1!19sChIJ53uiCkXXuDsRqKqEp56yaAw?authuser=0&hl=en&rclk=1,N,
Shree Sadguru Homeopathic clinic,9663703802,Hubli,Skin Clinics,N,,https://www.google.com/maps/place/Shree+Sadguru+Homeopathic+clinic/data=!4m7!3m6!1s0x3bb8d77c457ec85d:0x434c0a22fbe92d0d!8m2!3d15.3476152!4d75.1401266!16s%2Fg%2F11tjdtc364!19sChIJXch-RXzXuDsRDS3p-yIKTEM?authuser=0&hl=en&rclk=1,N,
Shri Haripriya Enterprises,9980293543,Hubli,Skin Clinics,N,,https://www.google.com/maps/place/Shri+Haripriya+Enterprises/data=!4m7!3m6!1s0x3bb8d7ebafe60aa9:0xdb3999f02d02299f!8m2!3d15.3461412!4d75.1429035!16s%2Fg%2F11ns9k5kv6!19sChIJqQrmr-vXuDsRnykCLfCZOds?authuser=0&hl=en&rclk=1,N,
Darsh Clinic,9396926208,Hubli,Skin Clinics,N,,https://www.google.com/maps/place/Darsh+Clinic/data=!4m7!3m6!1s0x3bb8d10b87c2bc2b:0x36ffd534b5614de8!8m2!3d15.3854596!4d75.1146754!16s%2Fg%2F11sbd2hvs3!19sChIJK7zChwvRuDsR6E1htTTV_zY?authuser=0&hl=en&rclk=1,N,
SDM POLYCLINIC,8362277201,Hubli,Skin Clinics,N,,https://www.google.com/maps/place/SDM+POLYCLINIC/data=!4m7!3m6!1s0x3bb8d7313576861d:0xba3b1a32f3c16f0e!8m2!3d15.3622839!4d75.1252149!16s%2Fg%2F11g71cpr2j!19sChIJHYZ2NTHXuDsRDm_B8zIaO7o?authuser=0&hl=en&rclk=1,N,
Advanced GroHair & GloSkin - Hubbali,9751156789,Hubli,Skin Clinics,N,,https://www.google.com/maps/place/Advanced+GroHair+%26+GloSkin+-+Hubbali/data=!4m7!3m6!1s0x3bb8d751da3e6791:0x8ae6f3d8790e6ee7!8m2!3d15.3508509!4d75.1023189!16s%2Fg%2F11xdl65_pk!19sChIJkWc-2lHXuDsR524Oedjz5oo?authuser=0&hl=en&rclk=1,N,
Dermatology IPD,MISSING,Hubli,Skin Clinics,N,,https://www.google.com/maps/place/Dermatology+IPD/data=!4m7!3m6!1s0x3bb8d700400ab8e7:0xe702132489f902ec!8m2!3d15.3630251!4d75.1333628!16s%2Fg%2F11vz45fxp9!19sChIJ57gKQADXuDsR7AL5iSQTAuc?authuser=0&hl=en&rclk=1,N,
Amogh Clinic,8364252020,Hubli,Skin Clinics,N,,https://www.google.com/maps/place/Amogh+Clinic/data=!4m7!3m6!1s0x3bb8d733f12fa6c9:0xa7a0eafb004b068!8m2!3d15.3647247!4d75.124847!16s%2Fg%2F11hb6dq1sm!19sChIJyaYv8TPXuDsRaLAEsK8Oego?authuser=0&hl=en&rclk=1,N,
Kim's opd,MISSING,Hubli,Skin Clinics,N,,https://www.google.com/maps/place/Kim%27s+opd/data=!4m7!3m6!1s0x3bb8d7c74235fa73:0xe369b45c5d565342!8m2!3d15.3581653!4d75.1364673!16s%2Fg%2F11scjr01s3!19sChIJc_o1QsfXuDsRQlNWXVy0aeM?authuser=0&hl=en&rclk=1,N,
Ego Wellness Pvt. Ltd,8364257013,Hubli,Skin Clinics,N,,https://www.google.com/maps/place/Ego+Wellness+Pvt.+Ltd/data=!4m7!3m6!1s0x3bb8d733d6e60767:0x1cb457b8934740f1!8m2!3d15.3639308!4d75.1229343!16s%2Fg%2F11bzsfd70g!19sChIJZwfm1jPXuDsR8UBHk7hXtBw?authuser=0&hl=en&rclk=1,N,
KIMS Hospital,MISSING,Hubli,Skin Clinics,N,,https://www.google.com/maps/place/KIMS+Hospital/data=!4m7!3m6!1s0x3bb8d7362c696f51:0xf6ebcd495f43f41a!8m2!3d15.3619807!4d75.1319247!16s%2Fg%2F11h9y64s71!19sChIJUW9pLDbXuDsRGvRDX0nN6_Y?authuser=0&hl=en&rclk=1,N,
Dr. Gouri skin specialist,9396926208,Hubli,Skin Clinics,N,,https://www.google.com/maps/place/Dr.+Gouri+skin+specialist/data=!4m7!3m6!1s0x3bb8cd29cb9f7ceb:0x545b07759357379d!8m2!3d15.4649058!4d74.9956317!16s%2Fg%2F11fmbb7jsk!19sChIJ63yfyynNuDsRnTdXk3UHW1Q?authuser=0&hl=en&rclk=1,N,
Kalghatgi Hospital,8362228334,Hubli,Skin Clinics,N,,https://www.google.com/maps/place/Kalghatgi+Hospital/data=!4m7!3m6!1s0x3bb8d74346ead7ef:0x56851cc702a6959f!8m2!3d15.3531448!4d75.1422898!16s%2Fg%2F1tzvt_h7!19sChIJ79fqRkPXuDsRn5WmAscchVY?authuser=0&hl=en&rclk=1,N,
Dr Channabasappa Kori,9535740470,Hubli,Skin Clinics,N,,https://www.google.com/maps/place/Dr+Channabasappa+Kori/data=!4m7!3m6!1s0x3bb8d740bfffffff:0xf6cefbec6af99adc!8m2!3d15.3515125!4d75.1326469!16s%2Fg%2F11p0vzvj9d!19sChIJ____v0DXuDsR3Jr5auz7zvY?authuser=0&hl=en&rclk=1,N,
Apavarga Ayurvedalayam,8762151648,Hubli,Skin Clinics,N,,https://www.google.com/maps/place/Apavarga+Ayurvedalayam/data=!4m7!3m6!1s0x3bb8d79616ce27d7:0x675570d61746a52!8m2!3d15.3578747!4d75.1239413!16s%2Fg%2F11rfmv6pxz!19sChIJ1yfOFpbXuDsRUmp0YQ1XdQY?authuser=0&hl=en&rclk=1,N,
Tatwadarsha Hospital,9893070156,Hubli,Skin Clinics,N,,https://www.google.com/maps/place/Tatwadarsha+Hospital/data=!4m7!3m6!1s0x3bb8d725159e6ca9:0xc8f91414e5da9a34!8m2!3d15.3560484!4d75.1181147!16s%2Fg%2F11b7hlz17n!19sChIJqWyeFSXXuDsRNJra5RQU-cg?authuser=0&hl=en&rclk=1,N,
"Indira IVF Fertility Centre - Best IVF Center in Hubli, Karnataka",8867181100,Hubli,Skin Clinics,N,,"https://www.google.com/maps/place/Indira+IVF+Fertility+Centre+-+Best+IVF+Center+in+Hubli,+Karnataka/data=!4m7!3m6!1s0x3bb8d767ad7fc42b:0x1de2dcb44d4d192e!8m2!3d15.3501618!4d75.1396141!16s%2Fg%2F11j4dkqh86!19sChIJK8R_rWfXuDsRLhlNTbTc4h0?authuser=0&hl=en&rclk=1",Y,GBP
Desai Dr H V,8362364524,Hubli,Skin Clinics,N,,https://www.google.com/maps/place/Desai+Dr+H+V/data=!4m7!3m6!1s0x3bb8d7678126c357:0x892ff74ff9f2554c!8m2!3d15.3484088!4d75.1455396!16s%2Fg%2F1wj_4g_p!19sChIJV8MmgWfXuDsRTFXy-U_3L4k?authuser=0&hl=en&rclk=1,N,
mission zero hubballi trust,MISSING,Hubli,Skin Clinics,N,,https://www.google.com/maps/place/mission+zero+hubballi+trust/data=!4m7!3m6!1s0x3bb8d916f8af0af5:0x551ebd6c4e3903e0!8m2!3d15.3645038!4d75.1593015!16s%2Fg%2F11kbjt82lm!19sChIJ9Qqv-BbZuDsR4AM5Tmy9HlU?authuser=0&hl=en&rclk=1,N,
Shivakrupa Hospital (Dugani),8362350448,Hubli,Skin Clinics,N,,https://www.google.com/maps/place/Shivakrupa+Hospital+%28Dugani%29/data=!4m7!3m6!1s0x3bb8d75cbc29d1c5:0x12c5922d4c6db6a7!8m2!3d15.3526763!4d75.1441253!16s%2Fg%2F1tf5c5md!19sChIJxdEpvFzXuDsRp7ZtTC2SxRI?authuser=0&hl=en&rclk=1,N,
