niche,position,name,rating,reviews,phone,address
Car Rentals,1,Raahiz Travels - Hubli Car Rental With Driver,4.9,438,"BSNL Tower, Shop #3, S P Complex, Sulla Rd, near Shanti Nagar · 099457 33200","BSNL Tower, Shop #3, S P Complex, Sulla Rd, near Shanti Nagar · 099457 33200"
Car Rentals,2,Queens Car Rental & Taxi,4.7,543,Circle · 088844 77768,
Car Rentals,3,Swadeshi Car Rentals Hubli LLP - Car Hire Hubli Services,4.9,174,"1 st floor, NMR scan centre, Giriraj house, opp:, Club Rd · 072860 51052","1 st floor, NMR scan centre, Giriraj house, opp:, Club Rd · 072860 51052"
Computer Training,1,Disha Computer Institute CBT Hubli | Data Analytics | Full Stack | Programming Language | Animation & IT Courses in CBT Hubli,5.0,121,Ganesh Peth Rd · 090710 25777,"""Teaching is excellent Detailed explanation is done and friendly staffs"""
Computer Training,2,GIT IT ACADEMY | Full Stack Development| Cyber Security| Data Analytics| Tally GST | Placement,5.0,,"10+ years in business · 3rd Floor, Kittur Avenue, opp. BVB Engineering College · 097415 60586",institute
Computer Training,3,Peace Computer Institute,4.9,384,"Upstairs, Janata Bakery · 099864 66764","Upstairs, Janata Bakery · 099864 66764"
Dental Clinics,1,Shree Vishwa Vande Dental Clinic Hubli,5.0,245,"UGF :24-25, Eureka Junction Above Hubli Scan center TB Raod, Old, Court Circle · 078995 82038","UGF :24-25, Eureka Junction Above Hubli Scan center TB Raod, Old, Court Circle · 078995 82038"
Dental Clinics,2,Hubli Dental Care,4.9,90,"Shop. No. 15/1, ﬁrst ﬂoor Mallikarjun Avenue, Koppikar Rd · 063644 78999","Shop. No. 15/1, ﬁrst ﬂoor Mallikarjun Avenue, Koppikar Rd · 063644 78999"
Dental Clinics,3,Jayade’s Dental World,4.9,71,"Shop No. 10 , 1st, Eureka Centre, Corner, Koppikar Rd · 098866 40275","Shop No. 10 , 1st, Eureka Centre, Corner, Koppikar Rd · 098866 40275"
Gyms,1,"Pro Ultimate Gyms - Hubballi, Karnataka",4.9,548,"3rd floor, Sai Chambers, near Ramesh Bhavan · 063620 00104","3rd floor, Sai Chambers, near Ramesh Bhavan · 063620 00104"
Gyms,2,Xtreme Fitness (Best Fitness Centers),4.7,482,"7+ years in business · 3rd & 4th Floor, Mohan Arcade, near by Karnataka Bank · 0836 427 1122","7+ years in business · 3rd & 4th Floor, Mohan Arcade, near by Karnataka Bank · 0836 427 1122"
Gyms,3,SpaceX Fitness,4.9,268,"2nd Floor, Stellar Mall, PB Rd, beside JG Commerce College · 089719 91888","2nd Floor, Stellar Mall, PB Rd, beside JG Commerce College · 089719 91888"
Hotels,1,"₹3,172",4.1,,,
Hotels,2,"₹1,693",4.1,,,for a three-star hotel
Hotels,3,"₹2,902",4.3,,,Modern lodging with 3 restaurants
IELTS Coaching,1,SET Institute - Study Abroad Consultancy | IELTS | Digital Marketing Course | Spoken English | Data Analytics,4.9,191,"2nd Floor, Srinivas Enclave, opp. BVB Technological University · 080952 66999","2nd Floor, Srinivas Enclave, opp. BVB Technological University · 080952 66999"
IELTS Coaching,2,Study Abroad with ALS Academy- IELTS Classes-Hubli,4.1,30,"1st floor, Bhavani Nagar Main Rd, above SBI ATM, opp. Durga Bakery · 070191 46220","""Best institute for IELTS coaching and training in Hubli Dharwad"""
IELTS Coaching,3,IDP Education - Study Abroad Consultants in Hubballi,4.8,115,"3rd Floor, KGS plaza, opp. reliance smart point, above Tony & Guy Salon · 089293 75327","3rd Floor, KGS plaza, opp. reliance smart point, above Tony & Guy Salon · 089293 75327"
Interior Designers,1,Vinspace Interiors | Interior Designers | Home Interiors | Modular Kitchen | Wardrobes | Aluminum Interiors,5.0,210,"5+ years in business · 103, 2nd Floor, satellite complex, Koppikar Rd · 099868 96457","5+ years in business · 103, 2nd Floor, satellite complex, Koppikar Rd · 099868 96457"
Interior Designers,2,CORNERS JOINT,5.0,80,"3+ years in business · Marvel Artiza ,Shop No -UG-28 Jayanager,Vidyanager · 095914 49469",
Interior Designers,3,"SpaceWood Interiors Hubli - Interior Designers,Modular Kitchens & Wardrobes in Hubli,KA",4.6,71,,"10+ years in business · F-32,First Floor, Laxmi complex, Neeligin Rd, beside Kittur ranichenamma Bank"
IVF Clinics,1,Srishti Advanced Fertility and Endoscopy (SAFE) | DR SHANKAR N BIJAPUR | DR PRIYA SHANKAR,4.9,336,"2nd floor, ashoka hospital, behind Amruth Theatre Road · 0836 235 2244","2nd floor, ashoka hospital, behind Amruth Theatre Road · 0836 235 2244"
IVF Clinics,2,Nova IVF Fertility Center - Best IVF Centre In Hubli,4.8,643,"First Floor, Centrum Building, 98/4, Gokul Rd, beside Big Bazaar, above V2 Showroom · 080 4938 8781","First Floor, Centrum Building, 98/4, Gokul Rd, beside Big Bazaar, above V2 Showroom · 080 4938 8781"
IVF Clinics,3,"Indira IVF Fertility Centre - Best IVF Center in Hubli, Karnataka",4.9,915,"First and Second Floor, Shweta Complex Near Chennmma Circle, Opp. Mini Vidhana Soudha · 088671 81100","First and Second Floor, Shweta Complex Near Chennmma Circle, Opp. Mini Vidhana Soudha · 088671 81100"
JEE NEET Coaching,1,NARAYANA IIT-JEE/NEET/FOUNDATION - HUBLI,4.5,236,"Kalburgi Katwe Fortune, opp. B V B college · 070220 43639",· Educational institution
JEE NEET Coaching,2,"Myle Academy | IIT- JEE, NEET, K-CET Classes in Hubli",5.0,5,,"""good faculties are there it is the best coaching class in Hubli"""
JEE NEET Coaching,3,"Physics Wallah Vidyapeeth Pathshala Coaching Center Hubli | IIT JEE, NEET & Foundation Classes",4.6,111,"5+ years in business · 2nd Floor Besides, SBI Bank, Beereshwar Arcade, 3976, Main Road · 074280 96975","5+ years in business · 2nd Floor Besides, SBI Bank, Beereshwar Arcade, 3976, Main Road · 074280 96975"
Modular Kitchens,1,Vinspace Interiors | Interior Designers | Home Interiors | Modular Kitchen | Wardrobes | Aluminum Interiors,5.0,210,"103, 2nd Floor, satellite complex, Koppikar Rd · 099868 96457","103, 2nd Floor, satellite complex, Koppikar Rd · 099868 96457"
Modular Kitchens,2,WeWia Modular Kitchen & Wardrobes Experience Centre,5.0,45,"WeWia modular kitchens and wardrobes, Kalburgi platinum complex, above Dominos · 074063 53760","WeWia modular kitchens and wardrobes, Kalburgi platinum complex, above Dominos · 074063 53760"
Modular Kitchens,3,HAFELE - Modular Kitchen,4.5,40,"1st floor, HAFELE - Kitchen decor ( Studio Partner, Kattimani complex, opp. Rotary School · 098862 02675","1st floor, HAFELE - Kitchen decor ( Studio Partner, Kattimani complex, opp. Rotary School · 098862 02675"
Physiotherapy,1,PHYSIOFIT Physiotherapy Centre,4.8,437,"PINTO ROAD, BESIDES BSNL OFFICE, · 0836 225 8443","PINTO ROAD, BESIDES BSNL OFFICE, · 0836 225 8443"
Physiotherapy,2,"Kshema Physiotherapy & Chiropractic Centre (Dr.Vasudev Vader, MPT, Senior Physiotherapist)",4.9,204,"2nd floor (By, Lift), K Nexus Building, Kusugal Rd, above Reliance Digital, Landmark, above Leelavati Grand · 094486 48988","2nd floor (By, Lift), K Nexus Building, Kusugal Rd, above Reliance Digital, Landmark, above Leelavati Grand · 094486 48988"
Physiotherapy,3,Dr. Amit’s Pro Fitness-Physiotherapy Centre In Hubli,4.8,194,"City View, Kalburgi Plaza, Opp: Girls High School, B-2 · 070269 49555",
Real Estate,1,RD Properties hubli | Bungalow | plots | flats | apartments | land | independent house,5.0,40,"5+ years in business · # 6 , Trinity Apartments , pacific park, Kusugal Rd · 088842 99444",· Real estate agency
Real Estate,2,Real Estate Hubli,4.9,18,"5+ years in business · First Cross, Green Park, 204, Guruji Enclave · 099169 62399","""We recommend  real estate hubli for real estate services."""
Real Estate,3,Real Estate broker Basavaraj Gangavati,4.8,11,"Desai cross, Pinto Rd · 090083 21117",· Real estate agency
Skin Clinics,1,JEEVANNAVAR SKIN CARE CLINIC,4.4,471,,Dr Arpitha's Skin Hair & Aesthetics
Skin Clinics,2,Dr Arpitha's Skin Hair & Aesthetics,4.9,929,,"""The staff was friendly and the clinic was clean and well-organized."""
Skin Clinics,3,Mohan Skin Care Clinic Hubli,4.8,257,,"""The clinic is well-maintained, and the staff is very friendly."""
Tuition Centres,1,Savitri Educare,5.0,31,"3+ years in business · 3rd Floor, Satellite Complex, 105, Koppikar Rd · 076194 30130","3+ years in business · 3rd Floor, Satellite Complex, 105, Koppikar Rd · 076194 30130"
Tuition Centres,2,Shailaja Tuition Classes,5.0,19,,"""Best tuition classes 💯 best teaching 💫"""
Tuition Centres,3,Expert Tuition Classes,4.9,48,"muhammadi masjid, Gudihal Rd · 077951 58525",· Educational institution
