niche,position,title,url,type,snippet
Car Rentals,1,Sponsored,www.viratcabs.in,Local Website,https://viratcabs.in
Car Rentals,2,www.viratcabs.in,https://viratcabs.in,Local Website,Virat Cabs-Hubli - Book Virat Cabs now - Enjoy reliable and comfortable taxi services
Car Rentals,3,Raahiz Travels,https://raahiztravels.com,Local Website,Raahiz Travels
Car Rentals,4,Raahiz Travels,https://raahiztravels.com,Local Website,AS:
Car Rentals,5,Netlify,https://selfdrivecarsinhubliawesomecars.netlify.app,Local Website,Netlify
Car Rentals,6,Netlify,https://selfdrivecarsinhubliawesomecars.netlify.app,Local Website,L:
Car Rentals,7,MakeMyTrip,https://www.makemytrip.com,Local Website,› Cab Rentals
Car Rentals,8,MakeMyTrip,https://www.makemytrip.com,Local Website,› Cab Rentals
Car Rentals,9,GoWheelo,https://gowheelo.com,Local Website,› hubli › car-rentals
Car Rentals,10,GoWheelo,https://gowheelo.com,Local Website,› hubli › car-rentals
Car Rentals,11,Car4Hires,https://www.car4hires.com,Local Website,› Article › Self-Drive-Car-H...
Car Rentals,12,Car4Hires,https://www.car4hires.com,Local Website,› Article › Self-Drive-Car-H...
Car Rentals,13,TransRentals,https://transrentals.in,Local Website,› car-rental › hubli
Car Rentals,14,TransRentals,https://transrentals.in,Local Website,› car-rental › hubli
Car Rentals,15,Expedia,https://www.expedia.co.in,Local Website,› Car Hire › India › Karnataka
Car Rentals,16,Expedia,https://www.expedia.co.in,Local Website,› Car Hire › India › Karnataka
Car Rentals,17,Car Rental in Hubli,https://raahiztravels.com,Local Website,› hit-the-road-in-hubli-the-best-...
Car Rentals,18,Car Rental in Hubli,https://raahiztravels.com,Local Website,› hit-the-road-in-hubli-the-best-...
Computer Training,1,Justdial,https://www.justdial.com,Directory,› ... › 239+ Listings
Computer Training,2,Justdial,https://www.justdial.com,Directory,› ... › 239+ Listings
Computer Training,3,emaxindia.in,https://www.emaxindia.in,Local Website,› best-computer-education-tr...
Computer Training,4,emaxindia.in,https://www.emaxindia.in,Local Website,› best-computer-education-tr...
Computer Training,5,Justdial,https://www.justdial.com,Directory,› ... › 7+ Listings
Computer Training,6,Justdial,https://www.justdial.com,Directory,› ... › 7+ Listings
Computer Training,7,Sarva Computer Education Franchise,https://sarvaindia.com,Local Website,› best-computer-course-institute-in...
Computer Training,8,Sarva Computer Education Franchise,https://sarvaindia.com,Local Website,› best-computer-course-institute-in...
Computer Training,9,Justdial,https://www.justdial.com,Directory,› ... › 3+ Listings
Computer Training,10,Justdial,https://www.justdial.com,Directory,› ... › 3+ Listings
Computer Training,11,KLE Institute of Technology – Hubli,https://kleit.ac.in,Local Website,KLE Institute of Technology – Hubli
Computer Training,12,KLE Institute of Technology – Hubli,https://kleit.ac.in,Local Website,L:
Computer Training,13,weareat.online,https://weareat.online,Local Website,› smart_computer_academy
Computer Training,14,weareat.online,https://weareat.online,Local Website,› smart_computer_academy
Dental Clinics,1,Practo,https://www.practo.com,Directory,› hubli › dentist
Dental Clinics,2,Practo,https://www.practo.com,Directory,› hubli › dentist
Dental Clinics,3,Orthosquare,https://www.orthosquare.com,Local Website,› dental-clinic-in-hubli
Dental Clinics,4,Orthosquare,https://www.orthosquare.com,Local Website,› dental-clinic-in-hubli
Dental Clinics,5,Shree Vishwa Vande Dental Clinic,https://www.vishwavandedental.com,Local Website,Shree Vishwa Vande Dental Clinic
Dental Clinics,6,Shree Vishwa Vande Dental Clinic,https://www.vishwavandedental.com,Local Website,L:
Dental Clinics,7,Justdial,https://www.justdial.com,Directory,› ... › 51+ Listings
Dental Clinics,8,Justdial,https://www.justdial.com,Directory,› ... › 51+ Listings
Dental Clinics,9,Highly recommend from my own experience: Dr. Kishor Bagalkot,https://maps.app.goo.gl/EGhd6QZKJoN22C ...,Local Website,More
Dental Clinics,10,jayadedentalworld.com,https://jayadedentalworld.com,Local Website,jayadedentalworld.com
Dental Clinics,11,jayadedentalworld.com,https://jayadedentalworld.com,Local Website,L:
Dental Clinics,12,Best Dentist in Hubli · Shree Vishwa Vande Dental clinic,https://www.vishwavandedental.com · 4 Apr 2022,Local Website,781
Dental Clinics,13,Best Dentist in Hubli · Shree Vishwa Vande Dental clinic,https://www.vishwavandedental.com · 4 Apr 2022,Local Website,5:17
Dental Clinics,14,Practo,https://www.practo.com,Directory,› hubli › hubli-sarafkatta
Dental Clinics,15,Practo,https://www.practo.com,Directory,› hubli › hubli-sarafkatta
Dental Clinics,16,Justdial,https://www.justdial.com,Directory,› ... › 84+ Listings
Dental Clinics,17,Justdial,https://www.justdial.com,Directory,› ... › 84+ Listings
Gyms,1,xtremefitness.co.in,https://xtremefitness.co.in,Local Website,xtremefitness.co.in
Gyms,2,xtremefitness.co.in,https://xtremefitness.co.in,Local Website,AS:
Gyms,3,Justdial,https://www.justdial.com,Directory,› ... › 178+ Listings
Gyms,4,Justdial,https://www.justdial.com,Directory,› ... › 178+ Listings
Gyms,5,Justdial,https://www.justdial.com,Directory,› ... › 52+ Listings
Gyms,6,Justdial,https://www.justdial.com,Directory,› ... › 52+ Listings
Gyms,7,Justdial,https://www.justdial.com,Directory,› ... › 24 Hours Gyms in Hubli
Gyms,8,Justdial,https://www.justdial.com,Directory,› ... › 24 Hours Gyms in Hubli
Gyms,9,Cult.fit,https://www.cult.fit,National Platform,› fitness › cultpass-elite
Gyms,10,Cult.fit,https://www.cult.fit,National Platform,› fitness › cultpass-elite
Hotels,1,Goibibo,https://www.goibibo.com,Local Website,› ... › Hotels in Karnataka
Hotels,2,Goibibo,https://www.goibibo.com,Local Website,› ... › Hotels in Karnataka
Hotels,3,MakeMyTrip,https://www.makemytrip.com,Local Website,› Hotels in India
Hotels,4,MakeMyTrip,https://www.makemytrip.com,Local Website,› Hotels in India
Hotels,5,skyscanner.co.in,https://www.skyscanner.co.in,Local Website,› ... › India › Karnataka
Hotels,6,skyscanner.co.in,https://www.skyscanner.co.in,Local Website,› ... › India › Karnataka
Hotels,7,Tripadvisor,https://www.tripadvisor.in,Local Website,› ... › Hubli-Dharwad
Hotels,8,Tripadvisor,https://www.tripadvisor.in,Local Website,› ... › Hubli-Dharwad
Hotels,9,Booking.com,https://www.booking.com,Local Website,› Hotels › India › Karnataka
Hotels,10,Booking.com,https://www.booking.com,Local Website,› Hotels › India › Karnataka
Hotels,11,Trivago,https://www.trivago.in,Local Website,› Asia › India › Karnataka
Hotels,12,Trivago,https://www.trivago.in,Local Website,› Asia › India › Karnataka
Hotels,13,Lemon Tree Hotels,https://www.lemontreehotels.com,Local Website,› lemon-tree-hotel › h...
Hotels,14,Lemon Tree Hotels,https://www.lemontreehotels.com,Local Website,› lemon-tree-hotel › h...
Hotels,15,OYO,https://www.oyorooms.com,Local Website,› hotels-in-hubli-dharwad
Hotels,16,OYO,https://www.oyorooms.com,Local Website,› hotels-in-hubli-dharwad
IELTS Coaching,1,Justdial,https://www.justdial.com,Directory,› ... › 13+ Listings
IELTS Coaching,2,Justdial,https://www.justdial.com,Directory,› ... › 13+ Listings
IELTS Coaching,3,Enbee Education Center,https://eecglobal.com,Local Website,› IELTS Coaching
IELTS Coaching,4,Enbee Education Center,https://eecglobal.com,Local Website,› IELTS Coaching
IELTS Coaching,5,Sulekha,https://www.sulekha.com,Directory,› Hubli › IELTS Coaching
IELTS Coaching,6,Sulekha,https://www.sulekha.com,Directory,› Hubli › IELTS Coaching
IELTS Coaching,7,Alfa IELTS,https://alfaielts.com,Local Website,› blog › how-to-improve-ielts-band-...
IELTS Coaching,8,Alfa IELTS,https://alfaielts.com,Local Website,› blog › how-to-improve-ielts-band-...
IELTS Coaching,9,SET Institute,https://thesetinstitute.com,Local Website,SET Institute
IELTS Coaching,10,SET Institute,https://thesetinstitute.com,Local Website,L:
IELTS Coaching,11,PlanetSpark,https://www.planetspark.in,Local Website,› ielts-coaching
IELTS Coaching,12,PlanetSpark,https://www.planetspark.in,Local Website,› ielts-coaching
IELTS Coaching,13,UrbanPro,https://www.urbanpro.com,Local Website,› hubli › ashish
IELTS Coaching,14,UrbanPro,https://www.urbanpro.com,Local Website,› hubli › ashish
IELTS Coaching,15,Justdial,https://www.justdial.com,Directory,› ... › 6+ Listings
IELTS Coaching,16,Justdial,https://www.justdial.com,Directory,› ... › 6+ Listings
IELTS Coaching,17,Enbee Education Center,https://eecglobal.com,Local Website,› IELTS Life Skills Coaching
IELTS Coaching,18,Enbee Education Center,https://eecglobal.com,Local Website,› IELTS Life Skills Coaching
IELTS Coaching,19,Wellness Exclusive,https://www.wellnessexclusive.com,Local Website,› hubli › ielts
IELTS Coaching,20,Wellness Exclusive,https://www.wellnessexclusive.com,Local Website,› hubli › ielts
Interior Designers,1,InteriorDesk,https://www.interiordesk.in,Local Website,› interior-designers-hubli
Interior Designers,2,InteriorDesk,https://www.interiordesk.in,Local Website,› interior-designers-hubli
Interior Designers,3,houzz.in,https://www.houzz.in,Local Website,› interior-designers-and-decorators
Interior Designers,4,houzz.in,https://www.houzz.in,Local Website,› interior-designers-and-decorators
Interior Designers,5,carve design studio,https://carvedesignstudio.in,Local Website,carve design studio
Interior Designers,6,carve design studio,https://carvedesignstudio.in,Local Website,L:
Interior Designers,7,Justdial,https://www.justdial.com,Directory,› ... › 568+ Listings
Interior Designers,8,Justdial,https://www.justdial.com,Directory,› ... › 568+ Listings
Interior Designers,9,Decorpot,https://www.decorpot.com,Local Website,› interior-designers-in-hubli
Interior Designers,10,Decorpot,https://www.decorpot.com,Local Website,› interior-designers-in-hubli
Interior Designers,11,Livspace,https://www.livspace.com,Local Website,› Home › Interiors
Interior Designers,12,Livspace,https://www.livspace.com,Local Website,› Home › Interiors
Interior Designers,13,Pancham Interiors,https://www.panchaminteriors.com,Local Website,› interior-designers-...
Interior Designers,14,Pancham Interiors,https://www.panchaminteriors.com,Local Website,› interior-designers-...
IVF Clinics,1,Nova IVF Fertility,https://www.novaivffertility.com,Local Website,› ivf-centre › fertility-cl...
IVF Clinics,2,Nova IVF Fertility,https://www.novaivffertility.com,Local Website,› ivf-centre › fertility-cl...
IVF Clinics,3,Indira IVF,https://www.indiraivf.com,Local Website,› IVF Center in Karnataka
IVF Clinics,4,Indira IVF,https://www.indiraivf.com,Local Website,› IVF Center in Karnataka
IVF Clinics,5,Justdial,https://www.justdial.com,Directory,› ... › 18+ Listings
IVF Clinics,6,Justdial,https://www.justdial.com,Directory,› ... › 18+ Listings
IVF Clinics,7,Gynoveda,https://gynoveda.com,Local Website,› ... › IVF Centers
IVF Clinics,8,Gynoveda,https://gynoveda.com,Local Website,› ... › IVF Centers
IVF Clinics,9,Dr. Vinuta Kulkarni,https://drvinutaivf.com,Local Website,Dr. Vinuta Kulkarni
IVF Clinics,10,Dr. Vinuta Kulkarni,https://drvinutaivf.com,Local Website,L:
IVF Clinics,11,Gynoveda,https://gynoveda.com,Local Website,› compare-ivf-vs-ayurveda › hubli
IVF Clinics,12,Gynoveda,https://gynoveda.com,Local Website,› compare-ivf-vs-ayurveda › hubli
IVF Clinics,13,Indira IVF,https://www.indiraivf.com,Local Website,› fertility-doctors › dr-asha-patil
IVF Clinics,14,Indira IVF,https://www.indiraivf.com,Local Website,› fertility-doctors › dr-asha-patil
IVF Clinics,15,Vinsfertility,https://www.vinsfertility.com,Local Website,› ivf centres
IVF Clinics,16,Vinsfertility,https://www.vinsfertility.com,Local Website,› ivf centres
IVF Clinics,17,Nova IVF Fertility Clinic,https://www.novaivffertility.com,Local Website,› ivf-doctor › hubli
IVF Clinics,18,Nova IVF Fertility Clinic,https://www.novaivffertility.com,Local Website,› ivf-doctor › hubli
JEE NEET Coaching,1,Justdial,https://www.justdial.com,Directory,› ... › 51+ Listings
JEE NEET Coaching,2,Justdial,https://www.justdial.com,Directory,› ... › 51+ Listings
JEE NEET Coaching,3,Aakash Institute Centers,https://centers.aakash.ac.in,Local Website,› ... › Hubli › Vidyanagar
JEE NEET Coaching,4,Aakash Institute Centers,https://centers.aakash.ac.in,Local Website,› ... › Hubli › Vidyanagar
JEE NEET Coaching,5,Narayana Coaching Centers,https://www.narayanacoachingcenters.in,Local Website,› landingpage
JEE NEET Coaching,6,Narayana Coaching Centers,https://www.narayanacoachingcenters.in,Local Website,› landingpage
JEE NEET Coaching,7,"ALLEN Career Institute, Kota",https://www.allen.ac.in,Local Website,› hubballi
JEE NEET Coaching,8,"ALLEN Career Institute, Kota",https://www.allen.ac.in,Local Website,› hubballi
JEE NEET Coaching,9,Justdial,https://www.justdial.com,Directory,› Hubli › nct-10188852
JEE NEET Coaching,10,Justdial,https://www.justdial.com,Directory,› Hubli › nct-10188852
JEE NEET Coaching,11,Aakash Institute Centers,https://centers.aakash.ac.in,Local Website,› ... › Hubli › Vidyanagar
JEE NEET Coaching,12,Aakash Institute Centers,https://centers.aakash.ac.in,Local Website,› ... › Hubli › Vidyanagar
JEE NEET Coaching,13,Unacademy,https://unacademy.com,National Platform,› goal › neet-ug › YOTUH › clas...
JEE NEET Coaching,14,Unacademy,https://unacademy.com,National Platform,› goal › neet-ug › YOTUH › clas...
JEE NEET Coaching,15,Justdial,https://www.justdial.com,Directory,› ... › 24+ Listings
JEE NEET Coaching,16,Justdial,https://www.justdial.com,Directory,› ... › 24+ Listings
JEE NEET Coaching,17,Physics Wallah,https://www.pw.live,Local Website,› batches › vidyapeeth › hubli-ka
JEE NEET Coaching,18,Physics Wallah,https://www.pw.live,Local Website,› batches › vidyapeeth › hubli-ka
JEE NEET Coaching,19,Toppers Academy,https://toppersacademy.app,Local Website,› top-neet-coaching-in-hubli...
JEE NEET Coaching,20,Toppers Academy,https://toppersacademy.app,Local Website,› top-neet-coaching-in-hubli...
JEE NEET Coaching,21,Aakash Institute Centers,https://centers.aakash.ac.in,Local Website,"› ... › Aakash Institute, Hubli"
JEE NEET Coaching,22,Aakash Institute Centers,https://centers.aakash.ac.in,Local Website,"› ... › Aakash Institute, Hubli"
JEE NEET Coaching,23,Mystudycart,https://mystudycart.com,Local Website,› iit-coaching-hubli-dharwad
JEE NEET Coaching,24,Mystudycart,https://mystudycart.com,Local Website,› iit-coaching-hubli-dharwad
Modular Kitchens,1,Justdial,https://www.justdial.com,Directory,› ... › 110+ Listings
Modular Kitchens,2,Justdial,https://www.justdial.com,Directory,› ... › 110+ Listings
Modular Kitchens,3,elements4kitchens.com,https://www.elements4kitchens.com,Local Website,› factory
Modular Kitchens,4,elements4kitchens.com,https://www.elements4kitchens.com,Local Website,› factory
Modular Kitchens,5,IndiaMART,https://dir.indiamart.com,Directory,› ... › Hubballi
Modular Kitchens,6,IndiaMART,https://dir.indiamart.com,Directory,› ... › Hubballi
Modular Kitchens,7,Tradeindia,https://www.tradeindia.com,Directory,› hubli › designer-modular...
Modular Kitchens,8,Tradeindia,https://www.tradeindia.com,Directory,› hubli › designer-modular...
Modular Kitchens,9,InteriorDesk,https://www.interiordesk.in,Local Website,› aluminium-interior-hubli
Modular Kitchens,10,InteriorDesk,https://www.interiordesk.in,Local Website,› aluminium-interior-hubli
Modular Kitchens,11,Justdial,https://www.justdial.com,Directory,› ... › 110+ Listings
Modular Kitchens,12,Justdial,https://www.justdial.com,Directory,› ... › 110+ Listings
Modular Kitchens,13,IndiaMART,https://www.indiamart.com,Directory,› proddetail › modular-kitch...
Modular Kitchens,14,IndiaMART,https://www.indiamart.com,Directory,› proddetail › modular-kitch...
Modular Kitchens,15,infinitymodularkitchens.com,https://www.infinitymodularkitchens.com,Local Website,infinitymodularkitchens.com
Modular Kitchens,16,infinitymodularkitchens.com,https://www.infinitymodularkitchens.com,Local Website,L:
Modular Kitchens,17,Justdial,https://www.justdial.com,Directory,› ... › 12+ Listings
Modular Kitchens,18,Justdial,https://www.justdial.com,Directory,› ... › 12+ Listings
Physiotherapy,1,Justdial,https://www.justdial.com,Directory,› ... › 31+ Listings
Physiotherapy,2,Justdial,https://www.justdial.com,Directory,› ... › 31+ Listings
Physiotherapy,3,Practo,https://www.practo.com,Directory,› hubli › physiotherapy-clinics
Physiotherapy,4,Practo,https://www.practo.com,Directory,› hubli › physiotherapy-clinics
Physiotherapy,5,physiofitcentre.com,https://physiofitcentre.com,Local Website,physiofitcentre.com
Physiotherapy,6,physiofitcentre.com,https://physiofitcentre.com,Local Website,L:
Physiotherapy,7,HCG Hospitals,https://www.hcghospitals.in,Local Website,› Centre Of Excellence
Physiotherapy,8,HCG Hospitals,https://www.hcghospitals.in,Local Website,› Centre Of Excellence
Physiotherapy,9,Justdial,https://www.justdial.com,Directory,› ... › 72+ Listings
Physiotherapy,10,Justdial,https://www.justdial.com,Directory,› ... › 72+ Listings
Physiotherapy,11,Practo,https://www.practo.com,Directory,› hubli › physiotherapist
Physiotherapy,12,Practo,https://www.practo.com,Directory,› hubli › physiotherapist
Real Estate,1,Square Yards,https://www.squareyards.com,Local Website,› real-estate-agents-in-hubli
Real Estate,2,Square Yards,https://www.squareyards.com,Local Website,› real-estate-agents-in-hubli
Real Estate,3,RealEstateIndia.Com,https://www.realestateindia.com,Local Website,› agents-brokers-in-hubli
Real Estate,4,RealEstateIndia.Com,https://www.realestateindia.com,Local Website,› agents-brokers-in-hubli
Real Estate,5,Justdial,https://www.justdial.com,Directory,› ... › 346+ Listings
Real Estate,6,Justdial,https://www.justdial.com,Directory,› ... › 346+ Listings
Real Estate,7,housing.com,https://housing.com,National Platform,› Hubli
Real Estate,8,housing.com,https://housing.com,National Platform,› Hubli
Real Estate,9,IndiaMART,https://dir.indiamart.com,Directory,› ... › Hubballi
Real Estate,10,IndiaMART,https://dir.indiamart.com,Directory,› ... › Hubballi
Real Estate,11,ThreeBestRated.in,https://threebestrated.in,Local Website,› Hubballi Dharwad
Real Estate,12,ThreeBestRated.in,https://threebestrated.in,Local Website,› Hubballi Dharwad
Real Estate,13,Justdial,https://www.justdial.com,Directory,› ... › 130+ Listings
Real Estate,14,Justdial,https://www.justdial.com,Directory,› ... › 130+ Listings
Real Estate,15,RealEstateIndia.Com,https://www.realestateindia.com,Local Website,› agents-brokers-in-gok...
Real Estate,16,RealEstateIndia.Com,https://www.realestateindia.com,Local Website,› agents-brokers-in-gok...
Skin Clinics,1,Justdial,https://www.justdial.com,Directory,› ... › 53+ Listings
Skin Clinics,2,Justdial,https://www.justdial.com,Directory,› ... › 53+ Listings
Skin Clinics,3,Practo,https://www.practo.com,Directory,› hubli › doctor-for-skin-care
Skin Clinics,4,Practo,https://www.practo.com,Directory,› hubli › doctor-for-skin-care
Skin Clinics,5,Justdial,https://www.justdial.com,Directory,› Hubli › Dr-Shwethas-Skin-Ca...
Skin Clinics,6,Justdial,https://www.justdial.com,Directory,› Hubli › Dr-Shwethas-Skin-Ca...
Skin Clinics,7,Lybrate,https://www.lybrate.com,Local Website,› Hubli
Skin Clinics,8,Lybrate,https://www.lybrate.com,Local Website,› Hubli
Skin Clinics,9,Practo,https://www.practo.com,Directory,› hubli › skin-clinics › hubli
Skin Clinics,10,Practo,https://www.practo.com,Directory,› hubli › skin-clinics › hubli
Skin Clinics,11,Apollo 247,https://www.apollo247.com,Local Website,› ... › hubli h o dharwad
Skin Clinics,12,Apollo 247,https://www.apollo247.com,Local Website,› ... › hubli h o dharwad
Skin Clinics,13,Hubli Business Directory,https://hubli.idbf.in,Local Website,› skin-doctor
Skin Clinics,14,Hubli Business Directory,https://hubli.idbf.in,Local Website,› skin-doctor
Skin Clinics,15,Lybrate,https://www.lybrate.com,Local Website,› ... › Hubli
Skin Clinics,16,Lybrate,https://www.lybrate.com,Local Website,› ... › Hubli
Tuition Centres,1,Justdial,https://www.justdial.com,Directory,› ... › 47+ Listings
Tuition Centres,2,Justdial,https://www.justdial.com,Directory,› ... › 47+ Listings
Tuition Centres,3,Superprof India,https://www.superprof.co.in,Local Website,› Karnataka
Tuition Centres,4,Superprof India,https://www.superprof.co.in,Local Website,› Karnataka
Tuition Centres,5,Justdial,https://www.justdial.com,Directory,› ... › 334+ Listings
Tuition Centres,6,Justdial,https://www.justdial.com,Directory,› ... › 334+ Listings
Tuition Centres,7,UrbanPro,https://www.urbanpro.com,Local Website,› ... › 786+ Listings
Tuition Centres,8,UrbanPro,https://www.urbanpro.com,Local Website,› ... › 786+ Listings
Tuition Centres,9,BYJU'S,https://byjus.com,National Platform,› btc › byjus-tuition-centre-hubli
Tuition Centres,10,BYJU'S,https://byjus.com,National Platform,› btc › byjus-tuition-centre-hubli
Tuition Centres,11,Tutor Hunt India,https://www.tutorhunt.co.in,Local Website,› locations › hubli
Tuition Centres,12,Tutor Hunt India,https://www.tutorhunt.co.in,Local Website,› locations › hubli
Tuition Centres,13,Sulekha,https://www.sulekha.com,Directory,› Hubli › School Tuitions
Tuition Centres,14,Sulekha,https://www.sulekha.com,Directory,› Hubli › School Tuitions
Tuition Centres,15,Justdial,https://www.justdial.com,Directory,› ... › 56+ Listings
Tuition Centres,16,Justdial,https://www.justdial.com,Directory,› ... › 56+ Listings
Tuition Centres,17,Sulekha,https://www.sulekha.com,Directory,› Hubli › School Tuitions
Tuition Centres,18,Sulekha,https://www.sulekha.com,Directory,› Hubli › School Tuitions
