Keyword,Currency,Avg. monthly searches,Three month change,YoY change,Competition,Competition (indexed value),Top of page bid (low range),Top of page bid (high range),Ad impression share,Organic impression share,Organic average position,In account?,In plan?,Searches: Jan 2025,Searches: Feb 2025,Searches: Mar 2025,Searches: Apr 2025,Searches: May 2025,Searches: Jun 2025,Searches: Jul 2025,Searches: Aug 2025,Searches: Sep 2025,Searches: Oct 2025,Searches: Nov 2025,Searches: Dec 2025
best neet institute,INR,50.0,0%,0%,Unknown,,,0.0,,,,,,,,,,,,,,,,,
neet mock test,INR,50.0,0%,0%,Medium,44.0,6.56,25.81,,,,,,,,,,,,,,,,,
neet coaching near me,INR,50.0,0%,0%,Low,29.0,,0.0,,,,,,,,,,,,,,,,,
neet coaching centres near me,INR,50.0,0%,0%,Unknown,,,0.0,,,,,,,,,,,,,,,,,
best coaching for neet,INR,50.0,0%,0%,Low,29.0,,0.0,,,,,,,,,,,,,,,,,
best online coaching for neet,INR,50.0,0%,0%,Unknown,,,0.0,,,,,,,,,,,,,,,,,
neet classes near me,INR,50.0,0%,-100%,Unknown,,,0.0,,,,,,,,,,,,,,,,,
neet coaching classes near me,INR,50.0,0%,0%,Unknown,,,0.0,,,,,,,,,,,,,,,,,
neet practice questions,INR,50.0,0%,0%,Medium,35.0,1.38,12.07,,,,,,,,,,,,,,,,,
neet institute near me,INR,50.0,0%,0%,Unknown,,,0.0,,,,,,,,,,,,,,,,,
best coaching for neet near me,INR,50.0,0%,0%,Unknown,,,0.0,,,,,,,,,,,,,,,,,
best coaching institute for neet,INR,50.0,0%,0%,Unknown,,,0.0,,,,,,,,,,,,,,,,,
aakash crash course for neet 2023 fees,INR,50.0,0%,0%,Unknown,,,0.0,,,,,,,,,,,,,,,,,
best neet classes near me,INR,50.0,0%,0%,Unknown,,,0.0,,,,,,,,,,,,,,,,,
neet academy near me,INR,50.0,0%,0%,Unknown,,,0.0,,,,,,,,,,,,,,,,,
best online classes for neet,INR,50.0,0%,0%,Unknown,,,0.0,,,,,,,,,,,,,,,,,
best test series for neet,INR,50.0,∞,0%,High,100.0,,0.0,,,,,,,,,,,,,,,,,
mcc neet pg,INR,50.0,900%,0%,Low,3.0,38.67,53.85,,,,,,,,,,,,,,,,,
aakash neet coaching near me,INR,50.0,-100%,0%,Unknown,,,0.0,,,,,,,,,,,,,,,,,
best neet coaching centre,INR,50.0,0%,0%,Unknown,,,0.0,,,,,,,,,,,,,,,,,
neet long term coaching near me,INR,50.0,0%,0%,Unknown,,,0.0,,,,,,,,,,,,,,,,,
neet practice test,INR,50.0,0%,0%,Medium,35.0,1.38,12.07,,,,,,,,,,,,,,,,,
neet preparation coaching near me,INR,50.0,0%,0%,Unknown,,,0.0,,,,,,,,,,,,,,,,,
neet jee coaching near me,INR,50.0,0%,0%,Unknown,,,0.0,,,,,,,,,,,,,,,,,
best coaching for neet online,INR,50.0,0%,0%,Unknown,,,0.0,,,,,,,,,,,,,,,,,
neet coaching institute near me,INR,50.0,0%,0%,Unknown,,,0.0,,,,,,,,,,,,,,,,,
neet best online coaching,INR,50.0,0%,0%,Unknown,,,0.0,,,,,,,,,,,,,,,,,
best online classes for neet preparation,INR,50.0,0%,0%,Unknown,,,0.0,,,,,,,,,,,,,,,,,
best offline coaching for neet,INR,50.0,0%,0%,Unknown,,,0.0,,,,,,,,,,,,,,,,,
neet exam mock test,INR,50.0,0%,0%,Medium,44.0,6.56,25.81,,,,,,,,,,,,,,,,,
best online coaching for neet pg,INR,50.0,0%,0%,Unknown,,,0.0,,,,,,,,,,,,,,,,,
near me neet coaching centre,INR,50.0,∞,∞,Low,14.0,,0.0,,,,,,,,,,,,,,,,,
neet crash course fees,INR,50.0,0%,0%,Unknown,,,0.0,,,,,,,,,,,,,,,,,
jee neet coaching near me,INR,50.0,0%,0%,Unknown,,,0.0,,,,,,,,,,,,,,,,,
allen repeater batch fees,INR,50.0,0%,0%,Unknown,,,0.0,,,,,,,,,,,,,,,,,
neet and jee coaching near me,INR,50.0,0%,0%,Unknown,,,0.0,,,,,,,,,,,,,,,,,
best classes for neet preparation,INR,50.0,0%,0%,Unknown,,,0.0,,,,,,,,,,,,,,,,,
best online course for neet,INR,50.0,0%,0%,Unknown,,,0.0,,,,,,,,,,,,,,,,,
neet repeater classes near me,INR,50.0,0%,0%,Unknown,,,0.0,,,,,,,,,,,,,,,,,
online best coaching for neet,INR,50.0,0%,0%,Unknown,,,0.0,,,,,,,,,,,,,,,,,
cet neet coaching centre near me,INR,50.0,0%,0%,Unknown,,,0.0,,,,,,,,,,,,,,,,,
best coaching classes for neet,INR,50.0,0%,0%,Unknown,,,0.0,,,,,,,,,,,,,,,,,
best online physics teacher for neet,INR,50.0,0%,0%,Unknown,,,0.0,,,,,,,,,,,,,,,,,
neet tutorials near me,INR,50.0,0%,0%,Unknown,,,0.0,,,,,,,,,,,,,,,,,
neet best coaching near me,INR,50.0,0%,0%,Unknown,,,0.0,,,,,,,,,,,,,,,,,
best online test series for neet,INR,50.0,0%,0%,Unknown,,,0.0,,,,,,,,,,,,,,,,,
best long term coaching for neet,INR,50.0,0%,0%,Unknown,,,0.0,,,,,,,,,,,,,,,,,
best classes for neet near me,INR,50.0,0%,0%,Unknown,,,0.0,,,,,,,,,,,,,,,,,
neet exam practice test,INR,50.0,0%,0%,Medium,35.0,1.38,12.07,,,,,,,,,,,,,,,,,
best mock test for neet,INR,50.0,0%,0%,Unknown,,,0.0,,,,,,,,,,,,,,,,,
best neet pg coaching online,INR,50.0,0%,0%,Unknown,,,0.0,,,,,,,,,,,,,,,,,
iit jee neet coaching near me,INR,50.0,0%,0%,Unknown,,,0.0,,,,,,,,,,,,,,,,,
offline neet test series near me,INR,50.0,0%,0%,Unknown,,,0.0,,,,,,,,,,,,,,,,,
best institute for neet near me,INR,50.0,0%,0%,Unknown,,,0.0,,,,,,,,,,,,,,,,,
good neet coaching near me,INR,50.0,0%,-100%,Unknown,,,0.0,,,,,,,,,,,,,,,,,
crash course for neet near me,INR,50.0,0%,0%,Unknown,,,0.0,,,,,,,,,,,,,,,,,
best coaching institute for iit,INR,50.0,0%,0%,Unknown,,,0.0,,,,,,,,,,,,,,,,,
best academy for neet,INR,50.0,0%,0%,Unknown,,,0.0,,,,,,,,,,,,,,,,,
akash neet coaching near me,INR,50.0,-100%,0%,Unknown,,,0.0,,,,,,,,,,,,,,,,,
allen neet coaching near me,INR,50.0,-100%,0%,Unknown,,,0.0,,,,,,,,,,,,,,,,,
best chemistry question bank for neet,INR,50.0,0%,0%,Unknown,,,0.0,,,,,,,,,,,,,,,,,
best coaching center for iit,INR,50.0,0%,0%,Unknown,,,0.0,,,,,,,,,,,,,,,,,
best coaching centre for neet droppers,INR,50.0,0%,0%,Unknown,,,0.0,,,,,,,,,,,,,,,,,
best coaching classes for iit,INR,50.0,0%,0%,Unknown,,,0.0,,,,,,,,,,,,,,,,,
best coaching for neet and jee,INR,50.0,0%,0%,Unknown,,,0.0,,,,,,,,,,,,,,,,,
best coaching institute for neet near me,INR,50.0,0%,0%,Unknown,,,0.0,,,,,,,,,,,,,,,,,
best coaching neet,INR,50.0,0%,0%,Low,29.0,,0.0,,,,,,,,,,,,,,,,,
best colleges of neet,INR,50.0,∞,∞,Low,14.0,,0.0,,,,,,,,,,,,,,,,,
best course for neet,INR,50.0,0%,0%,Unknown,,,0.0,,,,,,,,,,,,,,,,,
best institute for neet coaching,INR,50.0,0%,0%,Unknown,,,0.0,,,,,,,,,,,,,,,,,
best institute for neet long term,INR,50.0,0%,0%,Unknown,,,0.0,,,,,,,,,,,,,,,,,
best neet academy near me,INR,50.0,0%,0%,Unknown,,,0.0,,,,,,,,,,,,,,,,,
best neet coaching classes,INR,50.0,0%,0%,Unknown,,,0.0,,,,,,,,,,,,,,,,,
best neet coaching for droppers,INR,50.0,-100%,0%,Unknown,,,0.0,,,,,,,,,,,,,,,,,
best neet mock test,INR,50.0,0%,0%,Unknown,,,0.0,,,,,,,,,,,,,,,,,
best neet mock test papers,INR,50.0,0%,0%,Unknown,,,0.0,,,,,,,,,,,,,,,,,
best neet online coaching classes,INR,50.0,0%,0%,Unknown,,,0.0,,,,,,,,,,,,,,,,,
best neet question bank,INR,50.0,0%,0%,Unknown,,,0.0,,,,,,,,,,,,,,,,,
best online biology teacher for neet,INR,50.0,0%,0%,Unknown,,,0.0,,,,,,,,,,,,,,,,,
best online neet test series,INR,50.0,0%,0%,Unknown,,,0.0,,,,,,,,,,,,,,,,,
best online platform for neet ug,INR,50.0,∞,∞,Medium,43.0,,0.0,,,,,,,,,,,,,,,,,
best platform for neet,INR,50.0,-100%,0%,Unknown,,,0.0,,,,,,,,,,,,,,,,,
for neet which institute is best,INR,50.0,0%,0%,Unknown,,,0.0,,,,,,,,,,,,,,,,,
iitjee coaching near me,INR,50.0,∞,∞,Low,29.0,,0.0,,,,,,,,,,,,,,,,,
narayana neet coaching near me,INR,50.0,0%,0%,Unknown,,,0.0,,,,,,,,,,,,,,,,,
neet best class,INR,50.0,0%,0%,Unknown,,,0.0,,,,,,,,,,,,,,,,,
neet best institute,INR,50.0,0%,0%,Unknown,,,0.0,,,,,,,,,,,,,,,,,
neet cet classes near me,INR,50.0,-100%,-100%,Unknown,,,0.0,,,,,,,,,,,,,,,,,
neet coaching institutes near me,INR,50.0,0%,0%,Unknown,,,0.0,,,,,,,,,,,,,,,,,
neet exam practice,INR,50.0,0%,0%,Medium,35.0,1.38,12.07,,,,,,,,,,,,,,,,,
neet long term coaching centres near me,INR,50.0,0%,0%,Unknown,,,0.0,,,,,,,,,,,,,,,,,
neet mock exam,INR,50.0,0%,0%,Medium,44.0,6.56,25.81,,,,,,,,,,,,,,,,,
neet pg coaching centres near me,INR,50.0,0%,0%,Unknown,,,0.0,,,,,,,,,,,,,,,,,
neet pg coaching near me,INR,50.0,0%,0%,Unknown,,,0.0,,,,,,,,,,,,,,,,,
neetmocktest,INR,50.0,0%,0%,Medium,44.0,6.56,25.81,,,,,,,,,,,,,,,,,
xylem neet crash course fees,INR,50.0,0%,0%,Unknown,,,0.0,,,,,,,,,,,,,,,,,
